Timestamp,OutsideAirTemperature,OutsideAirTemperatureVirtualPoint,MixedAirTemperature,ReturnAirTemperature,DischargeAirTemperature,CoolCall1,CoolCommand1,Damper,FanSpeed,HeatCall1
6/21/2012 12:00,69.48,69.48,75.25,75.03,58.25,1,1,5.5556,90,0
6/21/2012 12:01,68.06,68.06,75.06,75.06,59.06,1,1,0,90,0
6/21/2012 12:02,69.67,69.67,75.11,75.11,59.11,1,1,0,90,0
6/21/2012 12:03,69.4,69.4,75.08,75.08,59.08,1,1,0,90,0
6/21/2012 12:04,68.5,68.5,75,75,58,1,1,0,90,0
6/21/2012 12:05,68.11,68.11,75.08,75.08,58.08,1,1,0,90,0
6/21/2012 12:06,74.27,74.27,80.06,75.06,63.06,1,1,100,90,0
6/21/2012 12:07,73.78,73.78,79.08,75.08,63.08,1,1,100,90,0
6/21/2012 12:08,74.15,74.15,80.14,75.14,64.14,1,1,100,90,0
6/21/2012 12:09,73.64,73.64,79,75,63,1,1,100,90,0
6/21/2012 12:10,74.36,74.36,80.06,75.06,64.06,1,1,100,90,0
6/21/2012 12:11,68.76,68.76,75.36,75.08,59.36,1,1,5.5556,90,0
6/21/2012 12:12,69.59,69.59,75.39,75.11,59.39,1,1,5.5556,90,0
6/21/2012 12:13,68.64,68.64,75.34,75.06,58.34,1,1,5.5556,90,0
6/21/2012 12:14,70.05,70.05,75.25,75.03,59.25,1,1,5.5556,90,0
6/21/2012 12:15,68.94,68.94,75.36,75.08,58.36,1,1,5.5556,90,0
6/21/2012 12:16,69.66,69.66,75.36,75.08,58.36,1,1,5.5556,90,0
6/21/2012 12:17,69.58,69.58,75.28,75.06,58.28,1,1,5.5556,90,0
6/21/2012 12:18,69.78,69.78,75.3,75.08,59.3,1,1,5.5556,90,0
6/21/2012 12:19,70.09,70.09,75.34,75.06,59.34,1,1,5.5556,90,0
6/21/2012 12:20,69.91,69.91,75.36,75.14,59.36,1,1,5.5556,90,0
6/21/2012 12:21,69.13,69.13,75.44,75.16,58.44,1,1,5.5556,90,0
6/21/2012 12:22,69.03,69.03,75.52,75.24,59.52,1,1,5.5556,90,0
6/21/2012 12:23,68.65,68.65,75.41,75.19,59.41,1,1,5.5556,90,0
6/21/2012 12:24,68.63,68.63,75.5,75.22,59.5,1,1,5.5556,90,0
6/21/2012 12:25,70.2,70.2,75.55,75.27,59.55,1,1,5.5556,90,0
6/21/2012 12:26,69.68,69.68,75.36,75.14,59.36,1,1,5.5556,90,0
6/21/2012 12:27,67.75,67.75,73.32,73.04,57.32,1,1,5.5556,90,0
6/21/2012 12:28,67.77,67.77,73.37,73.09,57.37,1,1,5.5556,90,0
6/21/2012 12:29,68.49,68.49,73.53,73.25,57.53,1,1,5.5556,90,0
6/21/2012 12:30,66.71,66.71,73.47,73.25,57.47,1,1,5.5556,90,0
6/21/2012 12:31,66.54,66.54,73.48,73.2,57.48,1,1,5.5556,90,0
6/21/2012 12:32,66.74,66.74,73.58,73.36,56.58,1,1,5.5556,90,0
6/21/2012 12:33,68.46,68.46,73.7,73.42,57.7,1,1,5.5556,90,0
6/21/2012 12:34,66.79,66.79,73.7,73.42,56.7,1,1,5.5556,90,0
6/21/2012 12:35,67.52,67.52,73.67,73.39,57.67,1,1,5.5556,90,0
6/21/2012 12:36,67.07,67.07,73.72,73.44,57.72,1,1,5.5556,90,0
6/21/2012 12:37,67.66,67.66,73.83,73.55,57.83,1,1,5.5556,90,0
6/21/2012 12:38,67.87,67.87,74,73.72,58,1,1,5.5556,90,0
6/21/2012 12:39,67.22,67.22,73.91,73.69,56.91,1,1,5.5556,90,0
6/21/2012 12:40,67.58,67.58,74.02,73.74,58.02,1,1,5.5556,90,0
6/21/2012 12:41,68,68,74,73.72,57,1,1,5.5556,90,0
6/21/2012 12:42,68.74,68.74,73.94,73.72,56.94,1,1,5.5556,90,0
6/21/2012 12:43,69.07,69.07,74.08,73.8,58.08,1,1,5.5556,90,0
6/21/2012 12:44,68.02,68.02,74.05,73.77,57.05,1,1,5.5556,90,0
6/21/2012 12:45,68.74,68.74,74.15,73.93,57.15,1,1,5.5556,90,0
6/21/2012 12:46,67.83,67.83,74.02,73.8,58.02,1,1,5.5556,90,0
6/21/2012 12:47,67.3,67.3,74.18,73.9,58.18,1,1,5.5556,90,0
6/21/2012 12:48,68.47,68.47,74.31,74.09,57.31,1,1,5.5556,90,0
6/21/2012 12:49,68.82,68.82,74.15,73.93,57.15,1,1,5.5556,90,0
6/21/2012 12:50,67.73,67.73,74.23,74.01,57.23,1,1,5.5556,90,0
6/21/2012 12:51,68.73,68.73,74.26,74.04,58.26,1,1,5.5556,90,0
6/21/2012 12:52,68.79,68.79,74.31,74.09,58.31,1,1,5.5556,90,0
6/21/2012 12:53,68.58,68.58,74.24,73.96,58.24,1,1,5.5556,90,0
6/21/2012 12:54,68.87,68.87,74.35,74.07,57.35,1,1,5.5556,90,0
6/21/2012 12:55,67.89,67.89,74.56,74.28,57.56,1,1,5.5556,90,0
6/21/2012 12:56,68.32,68.32,74.37,74.15,57.37,1,1,5.5556,90,0
6/21/2012 12:57,68.74,68.74,74.45,74.23,57.45,1,1,5.5556,90,0
6/21/2012 12:58,69.35,69.35,74.5,74.28,58.5,1,1,5.5556,90,0
6/21/2012 12:59,68.34,68.34,74.47,74.25,58.47,1,1,5.5556,90,0
6/21/2012 13:00,68.24,68.24,74.72,74.44,57.72,1,1,5.5556,90,0
6/21/2012 13:01,68.26,68.26,74.7,74.42,58.7,1,1,5.5556,90,0
6/21/2012 13:02,67.97,67.97,74.72,74.5,57.72,1,1,5.5556,90,0
6/21/2012 13:03,69.31,69.31,74.83,74.55,58.83,1,1,5.5556,90,0
6/21/2012 13:04,69.85,69.85,74.88,74.6,58.88,1,1,5.5556,90,0
6/21/2012 13:05,68.46,68.46,74.88,74.66,57.88,1,1,5.5556,90,0
6/21/2012 13:06,68.57,68.57,74.78,74.5,57.78,1,1,5.5556,90,0
6/21/2012 13:07,67.91,67.91,74.88,74.6,58.88,1,1,5.5556,90,0
6/21/2012 13:08,68.24,68.24,74.94,74.66,57.94,1,1,5.5556,90,0
6/21/2012 13:09,69.52,69.52,74.86,74.58,57.86,1,1,5.5556,90,0
6/21/2012 13:10,67.96,67.96,74.94,74.66,58.94,1,1,5.5556,90,0
6/21/2012 13:11,69.06,69.06,74.99,74.71,57.99,1,1,5.5556,90,0
6/21/2012 13:12,68.24,68.24,74.96,74.68,58.96,1,1,5.5556,90,0
6/21/2012 13:13,70.02,70.02,75.07,74.79,59.07,1,1,5.5556,90,0
6/21/2012 13:14,69.88,69.88,75.15,74.87,59.15,1,1,5.5556,90,0
6/21/2012 13:15,69.22,69.22,75.04,74.82,59.04,1,1,5.5556,90,0
6/21/2012 13:16,68.31,68.31,75.1,74.82,59.1,1,1,5.5556,90,0
6/21/2012 13:17,69.37,69.37,75.23,74.95,59.23,1,1,5.5556,90,0
6/21/2012 13:18,70.06,70.06,75.07,74.79,58.07,1,1,5.5556,90,0
6/21/2012 13:19,69.13,69.13,75.12,74.9,58.12,1,1,5.5556,90,0
6/21/2012 13:20,69.05,69.05,75.25,75.03,58.25,1,1,5.5556,90,0
6/21/2012 13:21,68.17,68.17,75.14,74.92,59.14,1,1,5.5556,90,0
6/21/2012 13:22,68.87,68.87,75.2,74.98,58.2,1,1,5.5556,90,0
6/21/2012 13:23,69.02,69.02,75.26,74.98,58.26,1,1,5.5556,90,0
6/21/2012 13:24,69.73,69.73,75.28,75.06,59.28,1,1,5.5556,90,0
6/21/2012 13:25,68.56,68.56,75.2,74.92,58.2,1,1,5.5556,90,0
6/21/2012 13:26,70.07,70.07,75.36,75.08,58.36,1,1,5.5556,90,0
6/21/2012 13:27,69.29,69.29,75.28,75,59.28,1,1,5.5556,90,0
6/21/2012 13:28,69.52,69.52,75.31,75.03,59.31,1,1,5.5556,90,0
6/21/2012 13:29,68.9,68.9,75.33,75.11,58.33,1,1,5.5556,90,0
6/21/2012 13:30,69.83,69.83,75.38,75.16,59.38,1,1,5.5556,90,0
6/21/2012 13:31,70.19,70.19,75.42,75.14,58.42,1,1,5.5556,90,0
6/21/2012 13:32,70.2,70.2,75.44,75.16,59.44,1,1,5.5556,90,0
6/21/2012 13:33,70.16,70.16,75.41,75.19,59.41,1,1,5.5556,90,0
6/21/2012 13:34,68.96,68.96,75.44,75.22,59.44,1,1,5.5556,90,0
6/21/2012 13:35,68.72,68.72,75.5,75.22,58.5,1,1,5.5556,90,0
6/21/2012 13:36,68.19,68.19,73.88,73.66,56.88,1,1,5.5556,90,0
6/21/2012 13:37,68.43,68.43,73.83,73.55,56.83,1,1,5.5556,90,0
6/21/2012 13:38,68.68,68.68,73.85,73.63,56.85,1,1,5.5556,90,0
6/21/2012 13:39,67.6,67.6,73.75,73.53,56.75,1,1,5.5556,90,0
6/21/2012 13:40,68.7,68.7,73.75,73.47,57.75,1,1,5.5556,90,0
6/21/2012 13:41,68.51,68.51,73.75,73.47,57.75,1,1,5.5556,90,0
6/21/2012 13:42,68.69,68.69,73.75,73.53,56.75,1,1,5.5556,90,0
6/21/2012 13:43,67.26,67.26,73.61,73.39,56.61,1,1,5.5556,90,0
6/21/2012 13:44,67.21,67.21,73.64,73.42,56.64,1,1,5.5556,90,0
6/21/2012 13:45,67.89,67.89,73.58,73.36,56.58,1,1,5.5556,90,0
6/21/2012 13:46,67.65,67.65,73.64,73.36,57.64,1,1,5.5556,90,0
6/21/2012 13:47,68.17,68.17,73.64,73.36,56.64,1,1,5.5556,90,0
6/21/2012 13:48,68.25,68.25,73.56,73.28,56.56,1,1,5.5556,90,0
6/21/2012 13:49,67.53,67.53,73.59,73.31,57.59,1,1,5.5556,90,0
6/21/2012 13:50,68.41,68.41,73.64,73.42,57.64,1,1,5.5556,90,0
6/21/2012 13:51,68.35,68.35,73.42,73.2,56.42,1,1,5.5556,90,0
6/21/2012 13:52,67.3,67.3,73.53,73.25,56.53,1,1,5.5556,90,0
6/21/2012 13:53,66.89,66.89,73.56,73.34,57.56,1,1,5.5556,90,0
6/21/2012 13:54,68.11,68.11,73.47,73.25,57.47,1,1,5.5556,90,0
6/21/2012 13:55,67.74,67.74,73.56,73.28,56.56,1,1,5.5556,90,0
6/21/2012 13:56,68.14,68.14,73.48,73.2,57.48,1,1,5.5556,90,0
6/21/2012 13:57,66.63,66.63,73.45,73.23,57.45,1,1,5.5556,90,0
6/21/2012 13:58,67.96,67.96,73.59,73.31,57.59,1,1,5.5556,90,0
6/21/2012 13:59,66.65,66.65,73.62,73.34,56.62,1,1,5.5556,90,0
6/21/2012 14:00,67.03,67.03,73.64,73.36,57.64,1,1,5.5556,90,0
6/21/2012 14:01,68.42,68.42,73.62,73.34,56.62,1,1,5.5556,90,0
6/21/2012 14:02,67.29,67.29,73.64,73.36,56.64,1,1,5.5556,90,0
6/21/2012 14:03,66.86,66.86,73.53,73.31,57.53,1,1,5.5556,90,0
6/21/2012 14:04,67.98,67.98,73.59,73.31,57.59,1,1,5.5556,90,0
6/21/2012 14:05,68.11,68.11,73.51,73.23,57.51,1,1,5.5556,90,0
6/21/2012 14:06,67.75,67.75,73.5,73.28,57.5,1,1,5.5556,90,0
6/21/2012 14:07,67.48,67.48,73.42,73.2,57.42,1,1,5.5556,90,0
6/21/2012 14:08,67.1,67.1,73.56,73.28,57.56,1,1,5.5556,90,0
6/21/2012 14:09,66.79,66.79,73.47,73.25,56.47,1,1,5.5556,90,0
6/21/2012 14:10,66.89,66.89,73.45,73.23,57.45,1,1,5.5556,90,0
6/21/2012 14:11,67.9,67.9,73.45,73.23,57.45,1,1,5.5556,90,0
6/21/2012 14:12,66.85,66.85,73.45,73.23,56.45,1,1,5.5556,90,0
6/21/2012 14:13,66.62,66.62,73.53,73.25,57.53,1,1,5.5556,90,0
6/21/2012 14:14,67.55,67.55,73.53,73.25,56.53,1,1,5.5556,90,0
6/21/2012 14:15,67.78,67.78,73.47,73.25,57.47,1,1,5.5556,90,0
6/21/2012 14:16,66.82,66.82,73.42,73.2,56.42,1,1,5.5556,90,0
6/21/2012 14:17,68.18,68.18,73.39,73.17,57.39,1,1,5.5556,90,0
6/21/2012 14:18,67.6,67.6,73.45,73.23,57.45,1,1,5.5556,90,0
6/21/2012 14:19,67.7,67.7,73.36,73.14,56.36,1,1,5.5556,90,0
6/21/2012 14:20,68.48,68.48,73.64,73.36,57.64,1,1,5.5556,90,0
6/21/2012 14:21,68.33,68.33,73.5,73.28,56.5,1,1,5.5556,90,0
6/21/2012 14:22,67.13,67.13,73.51,73.23,56.51,1,1,5.5556,90,0
6/21/2012 14:23,67.88,67.88,73.4,73.12,57.4,1,1,5.5556,90,0
6/21/2012 14:24,67.99,67.99,73.45,73.23,56.45,1,1,5.5556,90,0
6/21/2012 14:25,68.23,68.23,73.45,73.17,56.45,1,1,5.5556,90,0
6/21/2012 14:26,67.66,67.66,73.39,73.17,57.39,1,1,5.5556,90,0
6/21/2012 14:27,66.46,66.46,73.42,73.2,56.42,1,1,5.5556,90,0
6/21/2012 14:28,67.65,67.65,73.42,73.2,57.42,1,1,5.5556,90,0
6/21/2012 14:29,67.75,67.75,73.56,73.28,56.56,1,1,5.5556,90,0
6/21/2012 14:30,68.06,68.06,73.53,73.25,57.53,1,1,5.5556,90,0
6/21/2012 14:31,66.66,66.66,73.59,73.31,56.59,1,1,5.5556,90,0
6/21/2012 14:32,67.5,67.5,73.53,73.31,56.53,1,1,5.5556,90,0
6/21/2012 14:33,66.73,66.73,73.56,73.28,56.56,1,1,5.5556,90,0
6/21/2012 14:34,66.51,66.51,73.39,73.17,56.39,1,1,5.5556,90,0
6/21/2012 14:35,67.66,67.66,73.51,73.23,57.51,1,1,5.5556,90,0
6/21/2012 14:36,68.09,68.09,73.51,73.23,56.51,1,1,5.5556,90,0
6/21/2012 14:37,67.91,67.91,73.48,73.2,56.48,1,1,5.5556,90,0
6/21/2012 14:38,68.26,68.26,73.47,73.25,57.47,1,1,5.5556,90,0
6/21/2012 14:39,68.31,68.31,73.59,73.31,57.59,1,1,5.5556,90,0
6/21/2012 14:40,67.32,67.32,73.56,73.28,56.56,1,1,5.5556,90,0
6/21/2012 14:41,67.57,67.57,73.51,73.23,57.51,1,1,5.5556,90,0
6/21/2012 14:42,68.49,68.49,73.53,73.25,56.53,1,1,5.5556,90,0
6/21/2012 14:43,68.02,68.02,73.42,73.2,57.42,1,1,5.5556,90,0
6/21/2012 14:44,67.48,67.48,73.42,73.14,56.42,1,1,5.5556,90,0
6/21/2012 14:45,67.93,67.93,73.48,73.2,57.48,1,1,5.5556,90,0
6/21/2012 14:46,66.87,66.87,73.4,73.12,56.4,1,1,5.5556,90,0
6/21/2012 14:47,67.1,67.1,73.45,73.17,57.45,1,1,5.5556,90,0
6/21/2012 14:48,67.54,67.54,73.37,73.09,57.37,1,1,5.5556,90,0
6/21/2012 14:49,67.11,67.11,73.42,73.14,56.42,1,1,5.5556,90,0
6/21/2012 14:50,67.14,67.14,73.4,73.12,57.4,1,1,5.5556,90,0
6/21/2012 14:51,68.17,68.17,73.37,73.09,56.37,1,1,5.5556,90,0
6/21/2012 14:52,66.47,66.47,73.39,73.17,57.39,1,1,5.5556,90,0
6/21/2012 14:53,67.87,67.87,73.34,73.12,56.34,1,1,5.5556,90,0
6/21/2012 14:54,68.08,68.08,73.34,73.06,56.34,1,1,5.5556,90,0
6/21/2012 14:55,67.06,67.06,73.31,73.09,57.31,1,1,5.5556,90,0
6/21/2012 14:56,66.56,66.56,73.34,73.06,57.34,1,1,5.5556,90,0
6/21/2012 14:57,66.97,66.97,73.29,73.01,57.29,1,1,5.5556,90,0
6/21/2012 14:58,66.63,66.63,73.37,73.09,57.37,1,1,5.5556,90,0
6/21/2012 14:59,66.79,66.79,73.28,73.06,57.28,1,1,5.5556,90,0
6/21/2012 15:00,66.97,66.97,73.29,73.01,57.29,1,1,5.5556,90,0
6/21/2012 15:01,67.14,67.14,73.31,73.09,57.31,1,1,5.5556,90,0
6/21/2012 15:02,66.54,66.54,73.23,73.01,56.23,1,1,5.5556,90,0
6/21/2012 15:03,67.81,67.81,73.42,73.14,56.42,1,1,5.5556,90,0
6/21/2012 15:04,68.16,68.16,73.37,73.09,56.37,1,1,5.5556,90,0
6/21/2012 15:05,67.84,67.84,73.31,73.09,56.31,1,1,5.5556,90,0
6/21/2012 15:06,66.25,66.25,73.23,73.01,56.23,1,1,5.5556,90,0
6/21/2012 15:07,66.52,66.52,73.28,73.06,56.28,1,1,5.5556,90,0
6/21/2012 15:08,66.65,66.65,73.31,73.09,56.31,1,1,5.5556,90,0
6/21/2012 15:09,68.16,68.16,73.31,73.09,56.31,1,1,5.5556,90,0
6/21/2012 15:10,66.44,66.44,73.28,73.06,56.28,1,1,5.5556,90,0
6/21/2012 15:11,66.75,66.75,73.42,73.2,57.42,1,1,5.5556,90,0
6/21/2012 15:12,67.24,67.24,73.34,73.12,57.34,1,1,5.5556,90,0
6/21/2012 15:13,67.52,67.52,73.37,73.09,56.37,1,1,5.5556,90,0
6/21/2012 15:14,67.11,67.11,73.34,73.12,56.34,1,1,5.5556,90,0
6/21/2012 15:15,67.81,67.81,73.42,73.14,56.42,1,1,5.5556,90,0
6/21/2012 15:16,66.84,66.84,73.45,73.23,56.45,1,1,5.5556,90,0
6/21/2012 15:17,66.6,66.6,73.48,73.2,57.48,1,1,5.5556,90,0
6/21/2012 15:18,66.95,66.95,73.51,73.23,56.51,1,1,5.5556,90,0
6/21/2012 15:19,68.21,68.21,73.56,73.34,56.56,1,1,5.5556,90,0
6/21/2012 15:20,66.62,66.62,73.51,73.23,57.51,1,1,5.5556,90,0
6/21/2012 15:21,67.9,67.9,73.4,73.12,57.4,1,1,5.5556,90,0
6/21/2012 15:22,67.66,67.66,73.56,73.28,57.56,1,1,5.5556,90,0
6/21/2012 15:23,68.15,68.15,73.39,73.17,56.39,1,1,5.5556,90,0
6/21/2012 15:24,68.2,68.2,73.4,73.12,56.4,1,1,5.5556,90,0
6/21/2012 15:25,67.36,67.36,73.34,73.12,56.34,1,1,5.5556,90,0
6/21/2012 15:26,67.88,67.88,73.36,73.14,56.36,1,1,5.5556,90,0
6/21/2012 15:27,67.88,67.88,73.51,73.23,56.51,1,1,5.5556,90,0
6/21/2012 15:28,66.96,66.96,73.47,73.25,56.47,1,1,5.5556,90,0
6/21/2012 15:29,68.1,68.1,73.56,73.28,56.56,1,1,5.5556,90,0
6/21/2012 15:30,67.59,67.59,73.42,73.14,56.42,1,1,5.5556,90,0
6/21/2012 15:31,68.35,68.35,73.45,73.23,57.45,1,1,5.5556,90,0
6/21/2012 15:32,66.48,66.48,73.39,73.17,57.39,1,1,5.5556,90,0
6/21/2012 15:33,67.02,67.02,73.48,73.2,57.48,1,1,5.5556,90,0
6/21/2012 15:34,67.01,67.01,73.48,73.2,57.48,1,1,5.5556,90,0
6/21/2012 15:35,66.57,66.57,73.51,73.23,57.51,1,1,5.5556,90,0
6/21/2012 15:36,68.23,68.23,73.53,73.25,57.53,1,1,5.5556,90,0
6/21/2012 15:37,68.41,68.41,73.56,73.28,56.56,1,1,5.5556,90,0
6/21/2012 15:38,66.84,66.84,73.59,73.31,57.59,1,1,5.5556,90,0
6/21/2012 15:39,68.09,68.09,73.62,73.34,57.62,1,1,5.5556,90,0
6/21/2012 15:40,68.35,68.35,73.56,73.28,56.56,1,1,5.5556,90,0
6/21/2012 15:41,66.62,66.62,73.59,73.31,57.59,1,1,5.5556,90,0
6/21/2012 15:42,67.22,67.22,73.56,73.28,56.56,1,1,5.5556,90,0
6/21/2012 15:43,67.01,67.01,73.53,73.31,57.53,1,1,5.5556,90,0
6/21/2012 15:44,66.72,66.72,73.64,73.36,56.64,1,1,5.5556,90,0
6/21/2012 15:45,67.53,67.53,73.64,73.42,57.64,1,1,5.5556,90,0
6/21/2012 15:46,68.4,68.4,73.64,73.42,57.64,1,1,5.5556,90,0
6/21/2012 15:47,67.63,67.63,73.64,73.42,57.64,1,1,5.5556,90,0
6/21/2012 15:48,66.7,66.7,73.67,73.39,57.67,1,1,5.5556,90,0
6/21/2012 15:49,68.59,68.59,73.64,73.36,57.64,1,1,5.5556,90,0
6/21/2012 15:50,66.73,66.73,73.67,73.39,56.67,1,1,5.5556,90,0
6/21/2012 15:51,67.23,67.23,73.66,73.44,56.66,1,1,5.5556,90,0
6/21/2012 15:52,66.65,66.65,73.58,73.36,56.58,1,1,5.5556,90,0
6/21/2012 15:53,67.74,67.74,73.61,73.39,56.61,1,1,5.5556,90,0
6/21/2012 15:54,67.56,67.56,73.64,73.42,57.64,1,1,5.5556,90,0
6/21/2012 15:55,68.34,68.34,73.64,73.36,57.64,1,1,5.5556,90,0
6/21/2012 15:56,67.14,67.14,73.59,73.31,56.59,1,1,5.5556,90,0
6/21/2012 15:57,67.74,67.74,73.56,73.34,56.56,1,1,5.5556,90,0
6/21/2012 15:58,67.77,67.77,73.67,73.39,57.67,1,1,5.5556,90,0
6/21/2012 15:59,68.16,68.16,73.61,73.39,56.61,1,1,5.5556,90,0
6/21/2012 16:00,67.44,67.44,73.67,73.39,56.67,1,1,5.5556,90,0
6/21/2012 16:01,67.04,67.04,73.64,73.36,57.64,1,1,5.5556,90,0
6/21/2012 16:02,68.28,68.28,73.61,73.39,57.61,1,1,5.5556,90,0
6/21/2012 16:03,68.33,68.33,73.72,73.44,56.72,1,1,5.5556,90,0
6/21/2012 16:04,68.62,68.62,73.64,73.36,56.64,1,1,5.5556,90,0
6/21/2012 16:05,68.19,68.19,73.58,73.36,57.58,1,1,5.5556,90,0
6/21/2012 16:06,68.17,68.17,73.61,73.39,56.61,1,1,5.5556,90,0
6/21/2012 16:07,66.87,66.87,73.64,73.42,56.64,1,1,5.5556,90,0
6/21/2012 16:08,67.65,67.65,73.67,73.39,56.67,1,1,5.5556,90,0
6/21/2012 16:09,68.57,68.57,73.66,73.44,56.66,1,1,5.5556,90,0
6/21/2012 16:10,68.03,68.03,73.66,73.44,57.66,1,1,5.5556,90,0
6/21/2012 16:11,68.3,68.3,73.72,73.44,57.72,1,1,5.5556,90,0
6/21/2012 16:12,67.31,67.31,73.7,73.42,56.7,1,1,5.5556,90,0
6/21/2012 16:13,68.14,68.14,73.69,73.47,57.69,1,1,5.5556,90,0
6/21/2012 16:14,68.47,68.47,73.72,73.5,57.72,1,1,5.5556,90,0
6/21/2012 16:15,68.2,68.2,73.72,73.5,57.72,1,1,5.5556,90,0
6/21/2012 16:16,67.06,67.06,73.72,73.5,57.72,1,1,5.5556,90,0
6/21/2012 16:17,67.44,67.44,73.69,73.47,56.69,1,1,5.5556,90,0
6/21/2012 16:18,66.18,66.18,72.71,72.43,55.71,1,1,5.5556,90,0
6/21/2012 16:19,67.58,67.58,72.6,72.38,56.6,1,1,5.5556,90,0
6/21/2012 16:20,66.66,66.66,72.58,72.3,55.58,1,1,5.5556,90,0
6/21/2012 16:21,66.61,66.61,72.35,72.13,56.35,1,1,5.5556,90,0
6/21/2012 16:22,66.72,66.72,72.33,72.05,55.33,1,1,5.5556,90,0
6/21/2012 16:23,67.14,67.14,72.19,71.91,55.19,1,1,5.5556,90,0
6/21/2012 16:24,66.48,66.48,72.02,71.8,56.02,1,1,5.5556,90,0
6/21/2012 16:25,65.41,65.41,71.77,71.55,54.77,1,1,5.5556,90,0
6/21/2012 16:26,64.87,64.87,71.75,71.47,55.75,1,1,5.5556,90,0
6/21/2012 16:27,64.88,64.88,71.69,71.41,54.69,1,1,5.5556,90,0
6/21/2012 16:28,64.7,64.7,71.58,71.3,55.58,1,1,5.5556,90,0
6/21/2012 16:29,66.43,66.43,71.46,71.24,55.46,1,1,5.5556,90,0
6/21/2012 16:30,66.34,66.34,71.38,71.16,54.38,1,1,5.5556,90,0
6/21/2012 16:31,65.43,65.43,71.46,71.24,55.46,1,1,5.5556,90,0
6/21/2012 16:32,65.59,65.59,71.41,71.19,54.41,1,1,5.5556,90,0
6/21/2012 16:33,65.33,65.33,71.41,71.13,54.41,1,1,5.5556,90,0
6/21/2012 16:34,66.02,66.02,71.41,71.13,54.41,1,1,5.5556,90,0
6/21/2012 16:35,65.87,65.87,71.47,71.19,54.47,1,1,5.5556,90,0
6/21/2012 16:36,65.94,65.94,71.52,71.24,54.52,1,1,5.5556,90,0
6/21/2012 16:37,66.29,66.29,71.44,71.16,55.44,1,1,5.5556,90,0
6/21/2012 16:38,64.44,64.44,71.32,71.1,54.32,1,1,5.5556,90,0
6/21/2012 16:39,65.66,65.66,71.32,71.1,55.32,1,1,5.5556,90,0
6/21/2012 16:40,64.57,64.57,71.33,71.05,54.33,1,1,5.5556,90,0
6/21/2012 16:41,64.4,64.4,71.24,70.96,54.24,1,1,5.5556,90,0
6/21/2012 16:42,66.11,66.11,71.24,70.96,55.24,1,1,5.5556,90,0
6/21/2012 16:43,64.8,64.8,71.22,70.94,55.22,1,1,5.5556,90,0
6/21/2012 16:44,64.78,64.78,71.19,70.91,54.19,1,1,5.5556,90,0
6/21/2012 16:45,65.59,65.59,71.16,70.94,54.16,1,1,5.5556,90,0
6/21/2012 16:46,64.27,64.27,71.1,70.82,55.1,1,1,5.5556,90,0
6/21/2012 16:47,64.5,64.5,71.05,70.77,55.05,1,1,5.5556,90,0
6/21/2012 16:48,65.03,65.03,71.02,70.74,54.02,1,1,5.5556,90,0
6/21/2012 16:49,68.66,68.66,74.31,74.09,58.31,1,1,5.5556,90,0
6/21/2012 16:50,68.43,68.43,74.37,74.09,58.37,1,1,5.5556,90,0
6/21/2012 16:51,67.47,67.47,74.45,74.23,58.45,1,1,5.5556,90,0
6/21/2012 16:52,67.75,67.75,74.56,74.34,57.56,1,1,5.5556,90,0
6/21/2012 16:53,69.13,69.13,74.56,74.28,58.56,1,1,5.5556,90,0
6/21/2012 16:54,68.59,68.59,74.59,74.31,57.59,1,1,5.5556,90,0
6/21/2012 16:55,68.54,68.54,74.53,74.25,58.53,1,1,5.5556,90,0
6/21/2012 16:56,67.84,67.84,74.66,74.44,57.66,1,1,5.5556,90,0
6/21/2012 16:57,69.18,69.18,74.64,74.36,58.64,1,1,5.5556,90,0
6/21/2012 16:58,69.22,69.22,74.67,74.39,58.67,1,1,5.5556,90,0
6/21/2012 16:59,69.27,69.27,74.67,74.39,58.67,1,1,5.5556,90,0
6/21/2012 17:00,69.44,69.44,74.66,74.44,58.66,1,1,5.5556,90,0
6/21/2012 17:01,68.17,68.17,74.59,74.31,58.59,1,1,5.5556,90,0
6/21/2012 17:02,67.88,67.88,74.72,74.44,57.72,1,1,5.5556,90,0
6/21/2012 17:03,69.37,69.37,74.69,74.47,57.69,1,1,5.5556,90,0
6/21/2012 17:04,69.64,69.64,74.8,74.52,58.8,1,1,5.5556,90,0
6/21/2012 17:05,68.84,68.84,74.77,74.55,58.77,1,1,5.5556,90,0
6/21/2012 17:06,68.41,68.41,74.85,74.63,57.85,1,1,5.5556,90,0
6/21/2012 17:07,69.2,69.2,74.96,74.68,57.96,1,1,5.5556,90,0
6/21/2012 17:08,69.62,69.62,74.93,74.71,57.93,1,1,5.5556,90,0
6/21/2012 17:09,69.88,69.88,74.94,74.66,58.94,1,1,5.5556,90,0
6/21/2012 17:10,68.91,68.91,74.94,74.66,58.94,1,1,5.5556,90,0
6/21/2012 17:11,69.07,69.07,74.86,74.58,57.86,1,1,5.5556,90,0
6/21/2012 17:12,69.16,69.16,74.82,74.6,57.82,1,1,5.5556,90,0
6/21/2012 17:13,69.37,69.37,74.93,74.71,58.93,1,1,5.5556,90,0
6/21/2012 17:14,69.19,69.19,74.96,74.74,57.96,1,1,5.5556,90,0
6/21/2012 17:15,69.54,69.54,74.99,74.71,57.99,1,1,5.5556,90,0
6/21/2012 17:16,68.86,68.86,74.96,74.74,58.96,1,1,5.5556,90,0
6/21/2012 17:17,68.57,68.57,75.04,74.76,59.04,1,1,5.5556,90,0
6/21/2012 17:18,68.77,68.77,74.8,74.58,58.8,1,1,5.5556,90,0
6/21/2012 17:19,69.4,69.4,74.88,74.66,58.88,1,1,5.5556,90,0
6/21/2012 17:20,69.9,69.9,74.96,74.68,58.96,1,1,5.5556,90,0
6/21/2012 17:21,69.46,69.46,74.9,74.68,58.9,1,1,5.5556,90,0
6/21/2012 17:22,68.86,68.86,75.12,74.84,59.12,1,1,5.5556,90,0
6/21/2012 17:23,68.45,68.45,74.9,74.68,58.9,1,1,5.5556,90,0
6/21/2012 17:24,69.84,69.84,74.96,74.74,57.96,1,1,5.5556,90,0
6/21/2012 17:25,69.64,69.64,75.1,74.82,58.1,1,1,5.5556,90,0
6/21/2012 17:26,69.19,69.19,75.06,74.84,59.06,1,1,5.5556,90,0
6/21/2012 17:27,69.25,69.25,75.12,74.9,59.12,1,1,5.5556,90,0
6/21/2012 17:28,69.93,69.93,75.06,74.84,59.06,1,1,5.5556,90,0
6/21/2012 17:29,68.66,68.66,75.04,74.82,59.04,1,1,5.5556,90,0
6/21/2012 17:30,69.99,69.99,75.09,74.87,59.09,1,1,5.5556,90,0
6/21/2012 17:31,69.1,69.1,75.18,74.9,59.18,1,1,5.5556,90,0
6/21/2012 17:32,69.63,69.63,75.2,74.92,59.2,1,1,5.5556,90,0
6/21/2012 17:33,68.14,68.14,75.12,74.9,58.12,1,1,5.5556,90,0
6/21/2012 17:34,68.71,68.71,75.09,74.87,58.09,1,1,5.5556,90,0
6/21/2012 17:35,69.27,69.27,75.01,74.79,59.01,1,1,5.5556,90,0
6/21/2012 17:36,68.88,68.88,75.09,74.87,58.09,1,1,5.5556,90,0
6/21/2012 17:37,68.99,68.99,75.18,74.9,58.18,1,1,5.5556,90,0
6/21/2012 17:38,69.19,69.19,75.26,74.98,59.26,1,1,5.5556,90,0
6/21/2012 17:39,69.28,69.28,75.28,75,59.28,1,1,5.5556,90,0
6/21/2012 17:40,69.09,69.09,75.17,74.95,59.17,1,1,5.5556,90,0
6/21/2012 17:41,68.24,68.24,75.17,74.95,58.17,1,1,5.5556,90,0
6/21/2012 17:42,68.47,68.47,75.28,75,59.28,1,1,5.5556,90,0
6/21/2012 17:43,68.57,68.57,75.2,74.92,59.2,1,1,5.5556,90,0
6/21/2012 17:44,68.8,68.8,75.28,75,58.28,1,1,5.5556,90,0
6/21/2012 17:45,68.17,68.17,75.17,74.95,59.17,1,1,5.5556,90,0
6/21/2012 17:46,66.11,66.11,72.93,72.71,56.93,1,1,5.5556,90,0
6/21/2012 17:47,66.28,66.28,72.99,72.71,56.99,1,1,5.5556,90,0
6/21/2012 17:48,67.28,67.28,73.12,72.9,56.12,1,1,5.5556,90,0
6/21/2012 17:49,66.99,66.99,73.23,72.95,56.23,1,1,5.5556,90,0
6/21/2012 17:50,67.84,67.84,73.23,73.01,57.23,1,1,5.5556,90,0
6/21/2012 17:51,67.87,67.87,73.37,73.09,56.37,1,1,5.5556,90,0
6/21/2012 17:52,67.73,67.73,73.5,73.28,57.5,1,1,5.5556,90,0
6/21/2012 17:53,68.36,68.36,73.56,73.28,57.56,1,1,5.5556,90,0
6/21/2012 17:54,68.26,68.26,73.53,73.31,56.53,1,1,5.5556,90,0
6/21/2012 17:55,66.97,66.97,73.47,73.25,57.47,1,1,5.5556,90,0
6/21/2012 17:56,66.9,66.9,73.47,73.25,57.47,1,1,5.5556,90,0
6/21/2012 17:57,67.69,67.69,73.5,73.28,56.5,1,1,5.5556,90,0
6/21/2012 17:58,67.53,67.53,73.64,73.42,56.64,1,1,5.5556,90,0
6/21/2012 17:59,67,67,73.75,73.47,56.75,1,1,5.5556,90,0
6/21/2012 18:00,66.92,66.92,73.89,73.61,56.89,1,1,5.5556,90,0
6/21/2012 18:01,67.91,67.91,73.99,73.77,56.99,1,1,5.5556,90,0
6/21/2012 18:02,68.16,68.16,73.97,73.69,56.97,1,1,5.5556,90,0
6/21/2012 18:03,67.61,67.61,74.04,73.82,58.04,1,1,5.5556,90,0
6/21/2012 18:04,68.35,68.35,74.27,73.99,58.27,1,1,5.5556,90,0
6/21/2012 18:05,67.59,67.59,74.21,73.93,58.21,1,1,5.5556,90,0
6/21/2012 18:06,67.99,67.99,74.26,74.04,57.26,1,1,5.5556,90,0
6/21/2012 18:07,69.3,69.3,74.48,74.2,57.48,1,1,5.5556,90,0
6/21/2012 18:08,68.78,68.78,74.51,74.23,58.51,1,1,5.5556,90,0
6/21/2012 18:09,68.97,68.97,74.5,74.28,58.5,1,1,5.5556,90,0
6/21/2012 18:10,68.97,68.97,74.56,74.34,57.56,1,1,5.5556,90,0
6/21/2012 18:11,69.36,69.36,74.56,74.28,58.56,1,1,5.5556,90,0
6/21/2012 18:12,67.88,67.88,74.58,74.36,57.58,1,1,5.5556,90,0
6/21/2012 18:13,68.2,68.2,74.78,74.5,58.78,1,1,5.5556,90,0
6/21/2012 18:14,68.64,68.64,74.69,74.47,58.69,1,1,5.5556,90,0
6/21/2012 18:15,67.99,67.99,74.74,74.52,58.74,1,1,5.5556,90,0
6/21/2012 18:16,67.9,67.9,74.86,74.58,57.86,1,1,5.5556,90,0
6/21/2012 18:17,68.37,68.37,74.85,74.63,57.85,1,1,5.5556,90,0
6/21/2012 18:18,68.22,68.22,74.8,74.52,57.8,1,1,5.5556,90,0
6/21/2012 18:19,68.35,68.35,74.88,74.66,57.88,1,1,5.5556,90,0
6/21/2012 18:20,69.1,69.1,74.96,74.68,58.96,1,1,5.5556,90,0
6/21/2012 18:21,69.32,69.32,74.96,74.68,58.96,1,1,5.5556,90,0
6/21/2012 18:22,69.49,69.49,74.96,74.74,57.96,1,1,5.5556,90,0
6/21/2012 18:23,69.92,69.92,75.04,74.76,59.04,1,1,5.5556,90,0
6/21/2012 18:24,66.76,66.76,72.79,72.57,55.79,1,1,5.5556,90,0
6/21/2012 18:25,66.77,66.77,72.77,72.49,55.77,1,1,5.5556,90,0
6/21/2012 18:26,64.64,64.64,70.06,69.78,54.06,1,1,5.5556,90,0
6/21/2012 18:27,63.56,63.56,70.03,69.75,53.03,1,1,5.5556,90,0
6/21/2012 18:28,63.21,63.21,70.17,69.89,54.17,1,1,5.5556,90,0
6/21/2012 18:29,64.09,64.09,70.15,69.87,53.15,1,1,5.5556,90,0
6/21/2012 18:30,64.19,64.19,70.12,69.84,54.12,1,1,5.5556,90,0
6/21/2012 18:31,63.61,63.61,69.97,69.75,52.97,1,1,5.5556,90,0
6/21/2012 18:32,64.09,64.09,69.94,69.72,52.94,1,1,5.5556,90,0
6/21/2012 18:33,64.73,64.73,70,69.78,54,1,1,5.5556,90,0
6/21/2012 18:34,63.92,63.92,70.12,69.84,54.12,1,1,5.5556,90,0
6/21/2012 18:35,64.99,64.99,70.06,69.78,54.06,1,1,5.5556,90,0
6/21/2012 18:36,64.93,64.93,70.15,69.87,53.15,1,1,5.5556,90,0
6/21/2012 18:37,65.14,65.14,70.2,69.92,54.2,1,1,5.5556,90,0
6/21/2012 18:38,63.68,63.68,70.15,69.87,53.15,1,1,5.5556,90,0
6/21/2012 18:39,63.98,63.98,70.29,70.01,54.29,1,1,5.5556,90,0
6/21/2012 18:40,63.87,63.87,70.15,69.87,53.15,1,1,5.5556,90,0
6/21/2012 18:41,64.07,64.07,70.26,69.98,53.26,1,1,5.5556,90,0
6/21/2012 18:42,63.85,63.85,70.31,70.09,53.31,1,1,5.5556,90,0
6/21/2012 18:43,64.1,64.1,70.4,70.18,54.4,1,1,5.5556,90,0
6/21/2012 18:44,64.22,64.22,70.43,70.15,54.43,1,1,5.5556,90,0
6/21/2012 18:45,64.13,64.13,70.48,70.26,53.48,1,1,5.5556,90,0
6/21/2012 18:46,64.09,64.09,70.54,70.26,54.54,1,1,5.5556,90,0
6/21/2012 18:47,64.56,64.56,70.45,70.23,53.45,1,1,5.5556,90,0
6/21/2012 18:48,64.16,64.16,70.51,70.23,53.51,1,1,5.5556,90,0
6/21/2012 18:49,64.38,64.38,70.57,70.29,54.57,1,1,5.5556,90,0
6/21/2012 18:50,64.61,64.61,70.51,70.29,54.51,1,1,5.5556,90,0
6/21/2012 18:51,63.86,63.86,70.57,70.35,53.57,1,1,5.5556,90,0
6/21/2012 18:52,65.38,65.38,70.57,70.35,53.57,1,1,5.5556,90,0
6/21/2012 18:53,64.18,64.18,70.57,70.35,53.57,1,1,5.5556,90,0
6/21/2012 18:54,64.79,64.79,70.48,70.2,53.48,1,1,5.5556,90,0
6/21/2012 18:55,63.58,63.58,70.54,70.26,54.54,1,1,5.5556,90,0
6/21/2012 18:56,66.77,66.77,73.29,73.01,56.29,1,1,5.5556,90,0
6/21/2012 18:57,67.22,67.22,73.2,72.98,57.2,1,1,5.5556,90,0
6/21/2012 18:58,66.68,66.68,73.32,73.04,57.32,1,1,5.5556,90,0
6/21/2012 18:59,66.13,66.13,73.12,72.9,57.12,1,1,5.5556,90,0
6/21/2012 19:00,67.91,67.91,73.04,72.82,56.04,1,1,5.5556,90,0
6/21/2012 19:01,67.21,67.21,73.1,72.82,56.1,1,1,5.5556,90,0
6/21/2012 19:02,66.25,66.25,73.04,72.76,57.04,1,1,5.5556,90,0
6/21/2012 19:03,66.37,66.37,73.12,72.84,56.12,1,1,5.5556,90,0
6/21/2012 19:04,66.15,66.15,73.02,72.74,57.02,1,1,5.5556,90,0
6/21/2012 19:05,66.91,66.91,72.93,72.65,56.93,1,1,5.5556,90,0
6/21/2012 19:06,67.25,67.25,72.93,72.65,56.93,1,1,5.5556,90,0
6/21/2012 19:07,67.86,67.86,72.93,72.71,56.93,1,1,5.5556,90,0
6/21/2012 19:08,66.09,66.09,72.93,72.71,56.93,1,1,5.5556,90,0
6/21/2012 19:09,66.54,66.54,72.93,72.65,56.93,1,1,5.5556,90,0
6/21/2012 19:10,67.34,67.34,72.99,72.71,56.99,1,1,5.5556,90,0
6/21/2012 19:11,66.42,66.42,73.04,72.76,57.04,1,1,5.5556,90,0
6/21/2012 19:12,66.94,66.94,72.85,72.63,56.85,1,1,5.5556,90,0
6/21/2012 19:13,67.23,67.23,72.93,72.65,56.93,1,1,5.5556,90,0
6/21/2012 19:14,66.32,66.32,72.96,72.68,55.96,1,1,5.5556,90,0
6/21/2012 19:15,67.04,67.04,72.93,72.71,56.93,1,1,5.5556,90,0
6/21/2012 19:16,66.31,66.31,72.96,72.74,56.96,1,1,5.5556,90,0
6/21/2012 19:17,67.31,67.31,72.98,72.76,55.98,1,1,5.5556,90,0
6/21/2012 19:18,66.36,66.36,73.07,72.79,56.07,1,1,5.5556,90,0
6/21/2012 19:19,66.83,66.83,73.07,72.79,57.07,1,1,5.5556,90,0
6/21/2012 19:20,66.9,66.9,72.9,72.68,56.9,1,1,5.5556,90,0
6/21/2012 19:21,66.77,66.77,72.96,72.74,56.96,1,1,5.5556,90,0
6/21/2012 19:22,67.77,67.77,72.93,72.65,56.93,1,1,5.5556,90,0
6/21/2012 19:23,66.25,66.25,72.93,72.65,55.93,1,1,5.5556,90,0
6/21/2012 19:24,66.1,66.1,72.91,72.63,55.91,1,1,5.5556,90,0
6/21/2012 19:25,66.24,66.24,72.99,72.71,55.99,1,1,5.5556,90,0
6/21/2012 19:26,67.74,67.74,72.79,72.57,55.79,1,1,5.5556,90,0
6/21/2012 19:27,66.46,66.46,72.91,72.63,55.91,1,1,5.5556,90,0
6/21/2012 19:28,66.47,66.47,72.82,72.6,56.82,1,1,5.5556,90,0
6/21/2012 19:29,66.94,66.94,72.88,72.6,56.88,1,1,5.5556,90,0
6/21/2012 19:30,67.35,67.35,72.93,72.65,55.93,1,1,5.5556,90,0
6/21/2012 19:31,66.49,66.49,72.9,72.68,56.9,1,1,5.5556,90,0
6/21/2012 19:32,66.54,66.54,72.87,72.65,55.87,1,1,5.5556,90,0
6/21/2012 19:33,66.11,66.11,72.82,72.54,55.82,1,1,5.5556,90,0
6/21/2012 19:34,67.22,67.22,72.87,72.65,56.87,1,1,5.5556,90,0
6/21/2012 19:35,66.46,66.46,72.8,72.52,56.8,1,1,5.5556,90,0
6/21/2012 19:36,66.75,66.75,72.88,72.6,56.88,1,1,5.5556,90,0
6/21/2012 19:37,67.78,67.78,72.79,72.57,55.79,1,1,5.5556,90,0
6/21/2012 19:38,66.6,66.6,72.82,72.6,55.82,1,1,5.5556,90,0
6/21/2012 19:39,66.94,66.94,72.71,72.49,56.71,1,1,5.5556,90,0
6/21/2012 19:40,66.22,66.22,72.74,72.46,56.74,1,1,5.5556,90,0
6/21/2012 19:41,66.44,66.44,72.85,72.57,55.85,1,1,5.5556,90,0
6/21/2012 19:42,66.45,66.45,72.68,72.46,56.68,1,1,5.5556,90,0
6/21/2012 19:43,65.93,65.93,72.74,72.46,55.74,1,1,5.5556,90,0
6/21/2012 19:44,66.02,66.02,72.74,72.46,56.74,1,1,5.5556,90,0
6/21/2012 19:45,67.21,67.21,72.71,72.49,55.71,1,1,5.5556,90,0
6/21/2012 19:46,65.88,65.88,72.74,72.52,55.74,1,1,5.5556,90,0
6/21/2012 19:47,66.52,66.52,72.68,72.46,55.68,1,1,5.5556,90,0
6/21/2012 19:48,67.1,67.1,72.71,72.49,55.71,1,1,5.5556,90,0
6/21/2012 19:49,66.88,66.88,72.74,72.46,55.74,1,1,5.5556,90,0
6/21/2012 19:50,66.26,66.26,72.82,72.54,56.82,1,1,5.5556,90,0
6/21/2012 19:51,67.41,67.41,72.74,72.52,56.74,1,1,5.5556,90,0
6/21/2012 19:52,67.6,67.6,72.74,72.52,56.74,1,1,5.5556,90,0
6/21/2012 19:53,66.07,66.07,72.77,72.49,56.77,1,1,5.5556,90,0
6/21/2012 19:54,66.98,66.98,72.76,72.54,55.76,1,1,5.5556,90,0
6/21/2012 19:55,67.53,67.53,72.74,72.52,56.74,1,1,5.5556,90,0
6/21/2012 19:56,67.01,67.01,72.76,72.54,56.76,1,1,5.5556,90,0
6/21/2012 19:57,67.22,67.22,72.76,72.54,55.76,1,1,5.5556,90,0
6/21/2012 19:58,66.46,66.46,72.8,72.52,55.8,1,1,5.5556,90,0
6/21/2012 19:59,67.29,67.29,72.71,72.49,55.71,1,1,5.5556,90,0
6/21/2012 20:00,67.21,67.21,72.76,72.54,55.76,1,1,5.5556,90,0
6/21/2012 20:01,67.54,67.54,72.77,72.49,56.77,1,1,5.5556,90,0
6/21/2012 20:02,65.97,65.97,72.8,72.52,55.8,1,1,5.5556,90,0
6/21/2012 20:03,67.53,67.53,72.82,72.54,56.82,1,1,5.5556,90,0
6/21/2012 20:04,67.63,67.63,72.91,72.63,55.91,1,1,5.5556,90,0
6/21/2012 20:05,66.86,66.86,72.88,72.6,56.88,1,1,5.5556,90,0
6/21/2012 20:06,67.52,67.52,72.82,72.6,56.82,1,1,5.5556,90,0
6/21/2012 20:07,66.56,66.56,72.8,72.52,56.8,1,1,5.5556,90,0
6/21/2012 20:08,66.42,66.42,72.82,72.54,55.82,1,1,5.5556,90,0
6/21/2012 20:09,68.27,68.27,73.67,73.39,57.67,1,1,5.5556,90,0
6/21/2012 20:10,67.5,67.5,73.64,73.36,57.64,1,1,5.5556,90,0
6/21/2012 20:11,67.95,67.95,73.62,73.34,57.62,1,1,5.5556,90,0
6/21/2012 20:12,67.01,67.01,73.53,73.31,57.53,1,1,5.5556,90,0
6/21/2012 20:13,68.18,68.18,73.56,73.34,56.56,1,1,5.5556,90,0
6/21/2012 20:14,66.88,66.88,73.56,73.28,56.56,1,1,5.5556,90,0
6/21/2012 20:15,68.32,68.32,73.45,73.23,56.45,1,1,5.5556,90,0
6/21/2012 20:16,67.85,67.85,73.56,73.34,57.56,1,1,5.5556,90,0
6/21/2012 20:17,68.22,68.22,73.53,73.31,57.53,1,1,5.5556,90,0
6/21/2012 20:18,67.77,67.77,73.47,73.25,56.47,1,1,5.5556,90,0
6/21/2012 20:19,67.8,67.8,73.51,73.23,56.51,1,1,5.5556,90,0
6/21/2012 20:20,66.41,66.41,73.34,73.12,56.34,1,1,5.5556,90,0
6/21/2012 20:21,66.74,66.74,73.45,73.17,56.45,1,1,5.5556,90,0
6/21/2012 20:22,66.85,66.85,73.48,73.2,57.48,1,1,5.5556,90,0
6/21/2012 20:23,68.15,68.15,73.36,73.14,56.36,1,1,5.5556,90,0
6/21/2012 20:24,67.39,67.39,73.34,73.12,56.34,1,1,5.5556,90,0
6/21/2012 20:25,66.33,66.33,73.26,73.04,56.26,1,1,5.5556,90,0
6/21/2012 20:26,67.77,67.77,73.36,73.14,56.36,1,1,5.5556,90,0
6/21/2012 20:27,68.45,68.45,73.45,73.23,57.45,1,1,5.5556,90,0
6/21/2012 20:28,67.17,67.17,73.32,73.04,56.32,1,1,5.5556,90,0
6/21/2012 20:29,67.42,67.42,73.26,73.04,56.26,1,1,5.5556,90,0
6/21/2012 20:30,66.71,66.71,73.17,72.95,56.17,1,1,5.5556,90,0
6/21/2012 20:31,66.6,66.6,73.26,73.04,56.26,1,1,5.5556,90,0
6/21/2012 20:32,67.58,67.58,73.2,72.98,57.2,1,1,5.5556,90,0
6/21/2012 20:33,66.91,66.91,73.32,73.04,56.32,1,1,5.5556,90,0
6/21/2012 20:34,66.28,66.28,73.23,73.01,57.23,1,1,5.5556,90,0
6/21/2012 20:35,68.11,68.11,73.34,73.12,56.34,1,1,5.5556,90,0
6/21/2012 20:36,67.95,67.95,73.37,73.09,57.37,1,1,5.5556,90,0
6/21/2012 20:37,66.91,66.91,73.26,73.04,57.26,1,1,5.5556,90,0
6/21/2012 20:38,67.24,67.24,73.23,72.95,57.23,1,1,5.5556,90,0
6/21/2012 20:39,66.71,66.71,73.2,72.98,57.2,1,1,5.5556,90,0
6/21/2012 20:40,67.65,67.65,73.23,73.01,56.23,1,1,5.5556,90,0
6/21/2012 20:41,67.97,67.97,73.26,73.04,57.26,1,1,5.5556,90,0
6/21/2012 20:42,67.69,67.69,73.06,72.84,57.06,1,1,5.5556,90,0
6/21/2012 20:43,66.62,66.62,73.12,72.9,57.12,1,1,5.5556,90,0
6/21/2012 20:44,66.43,66.43,73.17,72.95,57.17,1,1,5.5556,90,0
6/21/2012 20:45,66.77,66.77,73.15,72.93,56.15,1,1,5.5556,90,0
6/21/2012 20:46,66.74,66.74,73.29,73.01,56.29,1,1,5.5556,90,0
6/21/2012 20:47,68.11,68.11,73.26,72.98,56.26,1,1,5.5556,90,0
6/21/2012 20:48,67.19,67.19,73.15,72.93,56.15,1,1,5.5556,90,0
6/21/2012 20:49,67.97,67.97,73.34,73.06,57.34,1,1,5.5556,90,0
6/21/2012 20:50,67.28,67.28,73.26,72.98,57.26,1,1,5.5556,90,0
6/21/2012 20:51,68.14,68.14,73.15,72.87,56.15,1,1,5.5556,90,0
6/21/2012 20:52,67.7,67.7,73.09,72.87,57.09,1,1,5.5556,90,0
6/21/2012 20:53,67.72,67.72,73.15,72.87,57.15,1,1,5.5556,90,0
6/21/2012 20:54,67.96,67.96,73.09,72.87,56.09,1,1,5.5556,90,0
6/21/2012 20:55,66.34,66.34,72.98,72.76,56.98,1,1,5.5556,90,0
6/21/2012 20:56,66.61,66.61,73.01,72.79,56.01,1,1,5.5556,90,0
6/21/2012 20:57,66,66,72.91,72.63,55.91,1,1,5.5556,90,0
6/21/2012 20:58,67.4,67.4,72.9,72.68,55.9,1,1,5.5556,90,0
6/21/2012 20:59,66.63,66.63,73.02,72.74,56.02,1,1,5.5556,90,0
6/21/2012 21:00,67.14,67.14,73.39,72.76,73.39,0,0,12.5,40,0
6/21/2012 21:01,66.94,66.94,73.21,72.71,73.21,0,0,12.5,40,0
6/21/2012 21:02,66.76,66.76,73.26,72.76,73.26,0,0,12.5,40,0
6/21/2012 21:03,67.11,67.11,73.15,72.65,73.15,0,0,12.5,40,0
6/21/2012 21:04,66.64,66.64,73.18,72.68,73.18,0,0,12.5,40,0
6/21/2012 21:05,67.43,67.43,73.47,72.84,73.47,0,0,12.5,40,0
6/21/2012 21:06,66.99,66.99,73.39,72.76,73.39,0,0,12.5,40,0
6/21/2012 21:07,68.34,68.34,73.39,72.76,73.39,0,0,12.5,40,0
6/21/2012 21:08,66.98,66.98,73.26,72.76,73.26,0,0,12.5,40,0
6/21/2012 21:09,67.24,67.24,73.26,72.76,73.26,0,0,12.5,40,0
6/21/2012 21:10,68.24,68.24,73.34,72.71,73.34,0,0,12.5,40,0
6/21/2012 21:11,66.61,66.61,73.45,72.82,73.45,0,0,12.5,40,0
6/21/2012 21:12,66.97,66.97,73.26,72.76,73.26,0,0,12.5,40,0
6/21/2012 21:13,67.65,67.65,73.34,72.71,73.34,0,0,12.5,40,0
6/21/2012 21:14,67.73,67.73,73.34,72.84,73.34,0,0,12.5,40,0
6/21/2012 21:15,66.5,66.5,73.32,72.82,73.32,0,0,12.5,40,0
6/21/2012 21:16,68.05,68.05,73.34,72.84,73.34,0,0,12.5,40,0
6/21/2012 21:17,66.88,66.88,73.29,72.79,73.29,0,0,12.5,40,0
6/21/2012 21:18,67.37,67.37,73.29,72.79,73.29,0,0,12.5,40,0
6/21/2012 21:19,67.18,67.18,73.34,72.71,73.34,0,0,12.5,40,0
6/21/2012 21:20,66.6,66.6,73.26,72.76,73.26,0,0,12.5,40,0
6/21/2012 21:21,67.89,67.89,73.5,72.87,73.5,0,0,12.5,40,0
6/21/2012 21:22,67.56,67.56,73.42,72.79,73.42,0,0,12.5,40,0
6/21/2012 21:23,67.23,67.23,73.32,72.82,73.32,0,0,12.5,40,0
6/21/2012 21:24,67.52,67.52,73.45,72.82,73.45,0,0,12.5,40,0
6/21/2012 21:25,66.63,66.63,73.39,72.76,73.39,0,0,12.5,40,0
6/21/2012 21:26,68.29,68.29,73.32,72.82,73.32,0,0,12.5,40,0
6/21/2012 21:27,67.84,67.84,73.29,72.79,73.29,0,0,12.5,40,0
6/21/2012 21:28,66.63,66.63,73.42,72.79,73.42,0,0,12.5,40,0
6/21/2012 21:29,66.54,66.54,73.29,72.79,73.29,0,0,12.5,40,0
6/21/2012 21:30,66.45,66.45,73.34,72.71,73.34,0,0,12.5,40,0
6/21/2012 21:31,67.15,67.15,73.47,72.84,73.47,0,0,12.5,40,0
6/21/2012 21:32,66.75,66.75,73.45,72.82,73.45,0,0,12.5,40,0
6/21/2012 21:33,67.69,67.69,73.34,72.84,73.34,0,0,12.5,40,0
6/21/2012 21:34,67.55,67.55,73.53,72.9,73.53,0,0,12.5,40,0
6/21/2012 21:35,67.67,67.67,73.53,72.9,73.53,0,0,12.5,40,0
6/21/2012 21:36,67.62,67.62,73.4,72.9,73.4,0,0,12.5,40,0
6/21/2012 21:37,67.73,67.73,73.43,72.93,73.43,0,0,12.5,40,0
6/21/2012 21:38,67.68,67.68,73.4,72.9,73.4,0,0,12.5,40,0
6/21/2012 21:39,68.1,68.1,73.32,72.82,73.32,0,0,12.5,40,0
6/21/2012 21:40,67.64,67.64,73.53,72.9,73.53,0,0,12.5,40,0
6/21/2012 21:41,66.96,66.96,73.72,73.09,73.72,0,0,12.5,40,0
6/21/2012 21:42,67.42,67.42,73.58,72.95,73.58,0,0,12.5,40,0
6/21/2012 21:43,67.13,67.13,73.67,73.04,73.67,0,0,12.5,40,0
6/21/2012 21:44,67.13,67.13,73.5,72.87,73.5,0,0,12.5,40,0
6/21/2012 21:45,68.41,68.41,73.56,72.93,73.56,0,0,12.5,40,0
6/21/2012 21:46,67.09,67.09,73.53,72.9,73.53,0,0,12.5,40,0
6/21/2012 21:47,67.53,67.53,73.43,72.93,73.43,0,0,12.5,40,0
6/21/2012 21:48,67.12,67.12,73.45,72.95,73.45,0,0,12.5,40,0
6/21/2012 21:49,67.31,67.31,73.64,73.01,73.64,0,0,12.5,40,0
6/21/2012 21:50,66.89,66.89,73.56,72.93,73.56,0,0,12.5,40,0
6/21/2012 21:51,67.14,67.14,73.5,72.87,73.5,0,0,12.5,40,0
6/21/2012 21:52,67.26,67.26,73.43,72.93,73.43,0,0,12.5,40,0
6/21/2012 21:53,68.33,68.33,73.34,72.84,73.34,0,0,12.5,40,0
6/21/2012 21:54,66.65,66.65,73.64,73.01,73.64,0,0,12.5,40,0
6/21/2012 21:55,68.35,68.35,73.43,72.93,73.43,0,0,12.5,40,0
6/21/2012 21:56,67.4,67.4,73.69,73.06,73.69,0,0,12.5,40,0
6/21/2012 21:57,67.28,67.28,73.43,72.93,73.43,0,0,12.5,40,0
6/21/2012 21:58,66.74,66.74,73.51,73.01,73.51,0,0,12.5,40,0
6/21/2012 21:59,66.68,66.68,73.43,72.93,73.43,0,0,12.5,40,0
6/21/2012 22:00,68.59,68.59,73.72,73.09,73.72,0,0,12.5,40,0
6/21/2012 22:01,67.07,67.07,73.56,73.06,73.56,0,0,12.5,40,0
6/21/2012 22:02,67,67,73.56,73.06,73.56,0,0,12.5,40,0
6/21/2012 22:03,66.87,66.87,73.59,73.09,73.59,0,0,12.5,40,0
6/21/2012 22:04,67.72,67.72,73.62,73.12,73.62,0,0,12.5,40,0
6/21/2012 22:05,67.85,67.85,73.72,73.09,73.72,0,0,12.5,40,0
6/21/2012 22:06,68.37,68.37,73.75,73.12,73.75,0,0,12.5,40,0
6/21/2012 22:07,67.29,67.29,73.62,73.12,73.62,0,0,12.5,40,0
6/21/2012 22:08,67.42,67.42,73.73,73.23,73.73,0,0,12.5,40,0
6/21/2012 22:09,67.37,67.37,73.8,73.17,73.8,0,0,12.5,40,0
6/21/2012 22:10,67.79,67.79,73.7,73.2,73.7,0,0,12.5,40,0
6/21/2012 22:11,68.15,68.15,73.72,73.09,73.72,0,0,12.5,40,0
6/21/2012 22:12,67.31,67.31,73.73,73.23,73.73,0,0,12.5,40,0
6/21/2012 22:13,67.77,67.77,73.86,73.23,73.86,0,0,12.5,40,0
6/21/2012 22:14,66.83,66.83,73.7,73.2,73.7,0,0,12.5,40,0
6/21/2012 22:15,67.9,67.9,73.8,73.17,73.8,0,0,12.5,40,0
6/21/2012 22:16,67.83,67.83,73.8,73.17,73.8,0,0,12.5,40,0
6/21/2012 22:17,67.42,67.42,73.91,73.28,73.91,0,0,12.5,40,0
6/21/2012 22:18,67,67,73.97,73.34,73.97,0,0,12.5,40,0
6/21/2012 22:19,67.14,67.14,73.91,73.28,73.91,0,0,12.5,40,0
6/21/2012 22:20,68.38,68.38,73.99,73.36,73.99,0,0,12.5,40,0
6/21/2012 22:21,68.4,68.4,73.94,73.31,73.94,0,0,12.5,40,0
6/21/2012 22:22,67.19,67.19,73.99,73.36,73.99,0,0,12.5,40,0
6/21/2012 22:23,68.19,68.19,73.94,73.31,73.94,0,0,12.5,40,0
6/21/2012 22:24,66.65,66.65,73.21,72.71,73.21,0,0,12.5,40,0
6/21/2012 22:25,66.68,66.68,73.23,72.6,73.23,0,0,12.5,40,0
6/21/2012 22:26,66.98,66.98,73.2,72.57,73.2,0,0,12.5,40,0
6/21/2012 22:27,66.99,66.99,73.12,72.49,73.12,0,0,12.5,40,0
6/21/2012 22:28,67.91,67.91,73.09,72.46,73.09,0,0,12.5,40,0
6/21/2012 22:29,66.15,66.15,73.06,72.43,73.06,0,0,12.5,40,0
6/21/2012 22:30,66.65,66.65,72.96,72.46,72.96,0,0,12.5,40,0
6/21/2012 22:31,67.76,67.76,72.96,72.46,72.96,0,0,12.5,40,0
6/21/2012 22:32,66.88,66.88,73.15,72.52,73.15,0,0,12.5,40,0
6/21/2012 22:33,66.36,66.36,73.26,72.63,73.26,0,0,12.5,40,0
6/21/2012 22:34,67.01,67.01,73.31,72.68,73.31,0,0,12.5,40,0
6/21/2012 22:35,68.24,68.24,73.34,72.71,73.34,0,0,12.5,40,0
6/21/2012 22:36,67.09,67.09,73.37,72.74,73.37,0,0,12.5,40,0
6/21/2012 22:37,66.43,66.43,73.34,72.71,73.34,0,0,12.5,40,0
6/21/2012 22:38,67.9,67.9,73.26,72.76,73.26,0,0,12.5,40,0
6/21/2012 22:39,67.45,67.45,73.42,72.79,73.42,0,0,12.5,40,0
6/21/2012 22:40,67.08,67.08,73.32,72.82,73.32,0,0,12.5,40,0
6/21/2012 22:41,68.26,68.26,73.45,72.82,73.45,0,0,12.5,40,0
6/21/2012 22:42,68,68,73.29,72.79,73.29,0,0,12.5,40,0
6/21/2012 22:43,67.87,67.87,73.4,72.9,73.4,0,0,12.5,40,0
6/21/2012 22:44,66.82,66.82,73.5,72.87,73.5,0,0,12.5,40,0
6/21/2012 22:45,68.32,68.32,73.48,72.98,73.48,0,0,12.5,40,0
6/21/2012 22:46,66.92,66.92,73.58,72.95,73.58,0,0,12.5,40,0
6/21/2012 22:47,66.65,66.65,73.58,72.95,73.58,0,0,12.5,40,0
6/21/2012 22:48,67.01,67.01,73.45,72.95,73.45,0,0,12.5,40,0
6/21/2012 22:49,67.71,67.71,73.56,73.06,73.56,0,0,12.5,40,0
6/21/2012 22:50,67.59,67.59,73.54,73.04,73.54,0,0,12.5,40,0
6/21/2012 22:51,67.79,67.79,73.72,73.09,73.72,0,0,12.5,40,0
6/21/2012 22:52,68.2,68.2,73.56,73.06,73.56,0,0,12.5,40,0
6/21/2012 22:53,66.7,66.7,73.64,73.01,73.64,0,0,12.5,40,0
6/21/2012 22:54,68.05,68.05,73.67,73.17,73.67,0,0,12.5,40,0
6/21/2012 22:55,68.47,68.47,73.75,73.12,73.75,0,0,12.5,40,0
6/21/2012 22:56,68.05,68.05,73.7,73.2,73.7,0,0,12.5,40,0
6/21/2012 22:57,68.48,68.48,73.83,73.2,73.83,0,0,12.5,40,0
6/21/2012 22:58,67.87,67.87,73.88,73.25,73.88,0,0,12.5,40,0
6/21/2012 22:59,66.71,66.71,73.56,73.06,73.56,0,0,12.5,40,0
6/21/2012 23:00,67.98,67.98,73.67,73.17,73.67,0,0,12.5,40,0
6/21/2012 23:01,68.31,68.31,73.86,73.23,73.86,0,0,12.5,40,0
6/21/2012 23:02,68.54,68.54,73.78,73.28,73.78,0,0,12.5,40,0
6/21/2012 23:03,67.72,67.72,73.81,73.31,73.81,0,0,12.5,40,0
6/21/2012 23:04,68.73,68.73,73.88,73.25,73.88,0,0,12.5,40,0
6/21/2012 23:05,67.57,67.57,73.72,73.09,73.72,0,0,12.5,40,0
6/21/2012 23:06,68.32,68.32,73.88,73.25,73.88,0,0,12.5,40,0
6/21/2012 23:07,68.09,68.09,73.7,73.2,73.7,0,0,12.5,40,0
6/21/2012 23:08,68.63,68.63,73.75,73.25,73.75,0,0,12.5,40,0
6/21/2012 23:09,67.03,67.03,73.91,73.28,73.91,0,0,12.5,40,0
6/21/2012 23:10,67.06,67.06,73.86,73.23,73.86,0,0,12.5,40,0
6/21/2012 23:11,67.73,67.73,73.7,73.2,73.7,0,0,12.5,40,0
6/21/2012 23:12,67.5,67.5,73.86,73.23,73.86,0,0,12.5,40,0
6/21/2012 23:13,68.02,68.02,73.83,73.2,73.83,0,0,12.5,40,0
6/21/2012 23:14,66.78,66.78,73.75,73.25,73.75,0,0,12.5,40,0
6/21/2012 23:15,68.03,68.03,73.86,73.23,73.86,0,0,12.5,40,0
6/21/2012 23:16,66.94,66.94,73.75,73.25,73.75,0,0,12.5,40,0
6/21/2012 23:17,67.69,67.69,73.7,73.2,73.7,0,0,12.5,40,0
6/21/2012 23:18,67.95,67.95,73.73,73.23,73.73,0,0,12.5,40,0
6/21/2012 23:19,67.98,67.98,73.86,73.23,73.86,0,0,12.5,40,0
6/21/2012 23:20,67.88,67.88,73.62,73.12,73.62,0,0,12.5,40,0
6/21/2012 23:21,67.55,67.55,73.83,73.2,73.83,0,0,12.5,40,0
6/21/2012 23:22,68.68,68.68,73.86,73.23,73.86,0,0,12.5,40,0
6/21/2012 23:23,66.88,66.88,73.83,73.2,73.83,0,0,12.5,40,0
6/21/2012 23:24,66.98,66.98,73.77,73.14,73.77,0,0,12.5,40,0
6/21/2012 23:25,67.91,67.91,73.67,73.04,73.67,0,0,12.5,40,0
6/21/2012 23:26,67.52,67.52,73.12,72.49,73.12,0,0,12.5,40,0
6/21/2012 23:27,66.71,66.71,73.1,72.6,73.1,0,0,12.5,40,0
6/21/2012 23:28,66.9,66.9,73.26,72.63,73.26,0,0,12.5,40,0
6/21/2012 23:29,66.77,66.77,73.23,72.6,73.23,0,0,12.5,40,0
6/21/2012 23:30,66.85,66.85,72.98,72.35,72.98,0,0,12.5,40,0
6/21/2012 23:31,67.13,67.13,72.95,72.32,72.95,0,0,12.5,40,0
6/21/2012 23:32,66.88,66.88,72.93,72.3,72.93,0,0,12.5,40,0
6/21/2012 23:33,66.09,66.09,72.66,72.16,72.66,0,0,12.5,40,0
6/21/2012 23:34,66.1,66.1,72.71,72.08,72.71,0,0,12.5,40,0
6/21/2012 23:35,65.9,65.9,72.54,71.91,72.54,0,0,12.5,40,0
6/21/2012 23:36,66.95,66.95,72.48,71.85,72.48,0,0,12.5,40,0
6/21/2012 23:37,67.08,67.08,72.19,71.69,72.19,0,0,12.5,40,0
6/21/2012 23:38,65.54,65.54,72.13,71.63,72.13,0,0,12.5,40,0
6/21/2012 23:39,65.39,65.39,72.22,71.72,72.22,0,0,12.5,40,0
6/21/2012 23:40,66.68,66.68,72.32,71.69,72.32,0,0,12.5,40,0
6/21/2012 23:41,67.15,67.15,72.22,71.72,72.22,0,0,12.5,40,0
6/21/2012 23:42,67.26,67.26,72.29,71.66,72.29,0,0,12.5,40,0
6/21/2012 23:43,66.79,66.79,72.02,71.52,72.02,0,0,12.5,40,0
6/21/2012 23:44,66.74,66.74,71.99,71.49,71.99,0,0,12.5,40,0
6/21/2012 23:45,65.86,65.86,71.91,71.41,71.91,0,0,12.5,40,0
6/21/2012 23:46,65.08,65.08,71.99,71.49,71.99,0,0,12.5,40,0
6/21/2012 23:47,65.16,65.16,71.98,71.35,71.98,0,0,12.5,40,0
6/21/2012 23:48,65.79,65.79,71.69,71.19,71.69,0,0,12.5,40,0
6/21/2012 23:49,65.07,65.07,71.82,71.19,71.82,0,0,12.5,40,0
6/21/2012 23:50,66.2,66.2,71.73,71.1,71.73,0,0,12.5,40,0
6/21/2012 23:51,65.74,65.74,71.58,71.08,71.58,0,0,12.5,40,0
6/21/2012 23:52,66.44,66.44,71.52,71.02,71.52,0,0,12.5,40,0
6/21/2012 23:53,65.86,65.86,71.52,71.02,71.52,0,0,12.5,40,0
6/21/2012 23:54,64.65,64.65,71.55,71.05,71.55,0,0,12.5,40,0
6/21/2012 23:55,65.1,65.1,71.46,70.96,71.46,0,0,12.5,40,0
6/21/2012 23:56,65.09,65.09,71.6,71.1,71.6,0,0,12.5,40,0
6/21/2012 23:57,66.41,66.41,71.62,70.99,71.62,0,0,12.5,40,0
6/21/2012 23:58,65.43,65.43,71.55,71.05,71.55,0,0,12.5,40,0
6/21/2012 23:59,65.14,65.14,71.52,71.02,71.52,0,0,12.5,40,0
