2016-02-01 00:00:01.225488,2,1,0,41,41,41,39,39,39,39,39,40,41,42,43,44,45,46,46,44,43,42,41,41,40,40
2016-02-01 01:00:00.233001,2,1,1,41,41,39,39,39,39,39,39,41,42,43,44,45,46,45,43,42,42,41,40,40,39,38
2016-02-01 02:00:00.368662,2,1,2,41,40,39,39,39,39,41,42,43,44,45,46,46,46,44,43,42,42,41,40,40,39,39
2016-02-01 03:00:00.396083,2,1,3,40,40,39,39,39,40,42,42,43,44,45,46,46,44,43,42,42,41,41,40,39,39,39
2016-02-01 04:00:03.179885,2,1,4,40,39,39,39,40,41,43,44,45,46,47,46,45,44,43,42,42,41,40,39,39,39,39
2016-02-01 05:00:00.603033,2,1,5,40,39,40,40,41,42,44,45,46,47,46,45,43,43,42,42,41,40,40,39,39,38,38
2016-02-01 06:00:00.334479,2,1,6,39,40,40,41,42,43,44,45,46,45,43,42,42,41,41,40,39,39,38,38,38,37,37
2016-02-01 07:00:00.347761,2,1,7,39,40,41,42,43,44,46,46,46,44,43,43,42,42,41,40,40,40,39,39,38,38,38
2016-02-01 08:00:00.273549,2,1,8,39,40,42,43,44,45,46,46,44,43,43,42,41,41,40,40,40,40,39,39,38,38,38
2016-02-01 09:00:00.348832,2,1,9,40,41,42,44,45,46,46,44,43,43,42,41,41,40,40,40,40,39,39,38,38,38,38
2016-02-01 10:00:00.500843,2,1,10,42,43,44,45,46,45,45,44,43,42,42,41,40,40,39,39,39,39,38,38,38,38,39
2016-02-01 11:00:00.413268,2,1,11,43,44,45,46,45,44,43,42,41,41,40,40,40,39,39,39,38,38,38,37,37,39,41
2016-02-01 12:00:00.340765,2,1,12,44,45,46,45,44,42,43,42,42,41,41,40,40,40,39,39,38,38,38,38,39,41,43
2016-02-01 13:00:00.470638,2,1,13,44,45,45,44,42,42,42,41,41,40,40,39,39,39,38,38,37,37,37,39,41,43,45
2016-02-01 14:00:00.434546,2,1,14,45,45,43,43,42,41,42,41,41,40,40,40,39,39,38,38,37,38,39,41,43,45,47
2016-02-01 15:00:04.204971,2,1,15,44,42,41,42,41,41,41,41,40,40,40,40,39,38,38,38,38,40,42,44,46,47,49
2016-02-01 16:00:00.254174,2,1,16,42,41,42,41,41,40,40,40,40,40,39,39,38,38,37,38,39,41,43,45,46,48,48
2016-02-01 17:00:00.968695,2,1,17,43,42,41,41,40,40,40,40,40,40,39,39,38,38,38,40,42,44,45,47,48,49,48
2016-02-01 18:00:00.296822,2,1,18,42,41,41,40,40,39,40,40,40,40,39,39,38,38,40,42,44,45,47,48,48,48,46
2016-02-01 19:00:00.525293,2,1,19,43,42,41,40,40,39,40,40,40,39,38,38,38,40,41,43,45,46,48,48,48,46,45
2016-02-01 20:00:00.268558,2,1,20,42,41,41,40,39,40,40,40,39,39,38,39,40,41,43,45,46,48,48,48,46,45,45
2016-02-01 21:00:01.595383,2,1,21,41,41,40,39,40,39,40,39,39,38,39,40,42,44,45,47,48,49,48,47,46,45,44
2016-02-01 22:00:01.243557,2,1,22,41,40,40,40,39,38,39,38,38,38,39,41,43,45,46,47,48,47,46,45,44,43,43
2016-02-01 23:00:00.369713,2,1,23,40,40,40,39,38,38,38,38,38,39,41,43,45,46,48,48,47,46,45,44,44,43,42
2016-02-02 00:00:00.634758,2,2,0,40,41,39,39,38,38,38,39,40,42,44,45,47,48,49,48,47,46,45,44,44,43,42
2016-02-02 01:00:00.318591,2,2,1,41,40,39,38,38,37,37,39,41,43,44,46,47,48,47,45,44,44,43,42,42,41,41
2016-02-02 02:00:00.501773,2,2,2,40,39,39,38,38,38,40,42,43,45,47,48,48,48,46,46,45,44,43,43,42,42,41
2016-02-02 03:00:00.405094,2,2,3,39,39,38,38,38,39,42,44,45,47,48,49,48,47,46,45,44,44,43,42,42,41,41
2016-02-02 04:00:00.939231,2,2,4,39,38,38,38,39,42,44,45,47,48,49,48,47,45,45,44,43,42,42,41,41,41,41
2016-02-02 05:00:00.822783,2,2,5,38,38,37,39,41,43,45,47,48,48,48,46,45,45,44,43,42,42,41,41,41,41,41
2016-02-02 06:00:00.341892,2,2,6,38,38,39,41,43,45,47,48,48,48,46,45,45,44,43,42,42,41,41,41,41,41,41
2016-02-02 07:00:00.442287,2,2,7,39,40,42,43,45,47,48,49,48,47,46,45,44,44,43,42,42,42,41,41,41,41,41
2016-02-02 08:00:00.459218,2,2,8,40,42,44,45,47,48,48,47,46,45,44,43,43,42,41,41,41,41,41,40,40,40,40
2016-02-02 09:00:00.404557,2,2,9,41,43,45,47,48,48,48,46,45,45,44,43,42,42,42,41,41,41,41,41,41,41,41
2016-02-02 10:00:00.565032,2,2,10,43,45,47,48,48,47,47,46,45,44,44,43,43,42,42,42,42,41,41,41,41,42,43
2016-02-02 11:00:00.286157,2,2,11,45,47,48,48,47,46,45,44,43,42,42,41,41,41,41,40,40,40,40,40,40,42,43
2016-02-02 12:00:00.438935,2,2,12,47,48,48,47,46,45,45,44,43,43,42,41,41,41,41,41,41,41,41,41,43,44,45
2016-02-02 13:00:00.526843,2,2,13,49,49,47,46,45,44,43,42,42,41,41,40,40,40,40,40,40,40,40,42,43,44,45
2016-02-02 14:00:12.943066,2,2,14,48,47,46,45,44,43,43,43,42,41,41,41,40,40,41,41,41,41,42,43,45,46,46
2016-02-02 15:00:02.405095,2,2,15,48,47,44,44,43,43,43,42,41,41,41,41,41,41,41,41,41,42,44,45,46,46,47
2016-02-02 16:00:00.314939,2,2,16,47,46,45,43,42,42,42,41,41,41,41,41,41,41,41,41,43,44,45,46,47,47,47
2016-02-02 17:00:00.287912,2,2,17,44,43,43,42,42,41,41,41,41,41,41,41,41,41,41,42,43,44,45,46,46,46,46
2016-02-02 18:00:00.411541,2,2,18,45,44,44,42,41,40,41,41,40,40,40,41,41,41,42,43,44,45,46,46,46,46,45
2016-02-02 19:00:00.315666,2,2,19,45,44,43,41,40,40,41,41,40,41,41,41,41,42,44,45,46,47,47,47,47,46,46
2016-02-02 20:00:00.497814,2,2,20,44,43,41,40,40,40,41,41,41,41,41,42,43,44,45,46,47,47,47,46,46,46,46
2016-02-02 21:00:01.607255,2,2,21,43,42,42,40,40,40,40,40,41,41,41,42,43,44,45,46,46,46,46,45,45,45,45
2016-02-02 22:00:01.492167,2,2,22,43,42,40,40,40,40,40,41,41,41,42,43,44,45,46,46,46,46,45,45,45,45,45
2016-02-02 23:00:00.281185,2,2,23,42,41,40,40,40,40,41,41,42,43,44,45,46,46,47,47,46,45,46,46,46,46,46
2016-02-03 00:00:00.275238,2,3,0,42,41,40,40,40,40,41,41,42,43,44,45,46,46,46,46,45,45,45,45,45,45,45
2016-02-03 01:00:00.315697,2,3,1,41,41,40,40,40,40,41,42,43,45,45,46,46,46,46,45,45,45,45,45,45,45,45
2016-02-03 02:00:00.345024,2,3,2,41,41,40,40,40,40,42,43,44,45,46,46,46,46,45,45,45,46,46,45,45,45,45
2016-02-03 03:00:00.358296,2,3,3,41,40,40,40,40,42,43,44,45,46,46,46,46,45,45,46,46,46,46,45,45,45,45
2016-02-03 04:00:02.129363,2,3,4,41,40,40,40,42,43,45,46,46,46,47,46,46,46,46,46,46,46,46,46,46,45,45
2016-02-03 05:00:04.878612,2,3,5,40,40,40,41,43,45,46,46,46,46,46,45,46,46,46,46,46,46,46,46,46,45,45
2016-02-03 06:00:00.338694,2,3,6,40,40,41,43,44,45,45,45,45,45,44,44,45,45,45,45,45,45,45,45,44,44,44
2016-02-03 07:00:01.667688,2,3,7,41,42,43,44,45,45,46,46,45,45,45,46,46,46,46,46,46,45,45,45,45,45,44
2016-02-03 08:00:00.325749,2,3,8,42,44,45,45,45,45,46,45,45,45,46,46,46,46,45,45,45,45,45,45,45,45,45
2016-02-03 09:00:00.362538,2,3,9,43,44,45,45,45,45,45,44,45,45,45,45,45,45,45,45,45,45,45,45,44,44,44
2016-02-03 10:00:00.391770,2,3,10,44,45,45,45,45,45,44,45,45,45,45,45,45,45,45,45,45,45,45,44,44,44,45
2016-02-03 11:00:00.347286,2,3,11,45,45,45,45,45,45,45,46,46,46,46,45,45,45,45,45,45,45,45,44,45,45,46
2016-02-03 12:00:00.318813,2,3,12,46,46,45,45,44,44,46,46,46,46,46,46,45,45,46,46,45,45,45,45,46,47,48
2016-02-03 13:00:00.371387,2,3,13,47,46,45,44,44,45,46,46,46,46,45,45,45,46,45,45,45,45,45,46,47,48,48
2016-02-03 14:00:00.373852,2,3,14,45,45,44,44,45,45,46,46,46,45,45,45,46,45,45,44,44,44,45,46,47,47,48
2016-02-03 15:00:01.169116,2,3,15,45,44,44,45,45,45,45,45,45,45,45,45,45,45,44,44,44,45,46,47,47,48,49
2016-02-03 16:00:00.272644,2,3,16,43,44,45,45,45,45,45,45,44,44,45,45,44,44,44,44,45,45,46,47,48,48,49
2016-02-03 17:00:00.309004,2,3,17,43,44,44,45,45,45,45,44,44,45,45,44,44,44,44,45,45,46,47,48,48,49,48
2016-02-03 18:00:00.390401,2,3,18,44,44,45,45,45,45,44,44,45,45,44,44,44,44,45,45,46,47,48,48,49,48,48
2016-02-03 19:00:00.275573,2,3,19,43,44,45,45,45,44,46,46,46,45,45,45,45,46,47,48,48,49,49,50,49,49,49
2016-02-03 20:00:00.467567,2,3,20,44,44,45,45,44,44,45,45,44,44,44,44,45,46,47,47,48,48,49,49,48,48,48
2016-02-03 21:00:01.355330,2,3,21,44,44,45,44,44,45,45,45,44,44,45,45,46,47,47,48,49,49,49,48,48,48,48
2016-02-03 22:00:00.448317,2,3,22,45,45,44,44,44,44,45,44,44,44,45,46,47,47,48,49,49,49,48,48,48,48,48
2016-02-03 23:00:00.261789,2,3,23,45,44,44,44,44,44,44,44,44,45,46,46,47,48,48,49,48,48,48,48,48,48,47
2016-02-04 00:00:00.976529,2,4,0,44,44,44,44,44,43,44,44,45,46,47,47,48,49,49,49,48,48,48,48,48,48,47
2016-02-04 01:00:00.425982,2,4,1,44,44,44,44,43,43,44,45,46,47,47,48,49,49,49,48,48,48,48,48,48,48,47
2016-02-04 02:00:00.290111,2,4,2,44,44,44,43,43,43,45,46,47,47,48,48,49,48,48,48,48,48,48,48,48,47,47
2016-02-04 03:00:00.376581,2,4,3,44,43,43,43,43,44,45,46,47,47,48,48,48,47,47,47,48,48,47,47,46,46,45
2016-02-04 04:00:02.013574,2,4,4,43,43,43,43,44,45,47,48,48,49,49,49,49,49,49,49,49,48,48,47,47,46,46
2016-02-04 05:00:00.567837,2,4,5,44,43,44,44,45,46,47,48,49,49,49,48,48,49,48,48,48,48,47,47,46,45,45
2016-02-04 06:00:00.283887,2,4,6,44,44,45,45,46,47,48,49,49,49,49,48,49,48,48,48,47,47,46,46,45,45,45
2016-02-04 07:00:00.472582,2,4,7,44,45,46,46,47,47,49,49,49,49,49,49,49,49,48,48,47,46,46,46,45,45,45
2016-02-04 08:00:00.269829,2,4,8,45,46,47,47,48,48,50,50,50,49,49,49,49,48,48,47,46,47,46,46,45,46,45
2016-02-04 09:00:00.294647,2,4,9,46,47,47,48,48,49,50,50,49,49,49,49,48,48,47,46,47,46,46,45,46,45,45
2016-02-04 10:00:00.275232,2,4,10,47,47,48,48,49,49,49,49,49,49,49,48,48,48,47,47,46,46,46,46,45,46,46
2016-02-04 12:52:46.876459,2,4,12,47,47,48,49,48,48,48,49,49,48,48,48,47,47,46,45,45,46,46,46,47,48,49
2016-02-04 13:00:00.229322,2,4,13,46,47,47,48,48,48,49,49,49,49,48,47,47,46,46,46,46,46,46,47,48,49,50
2016-02-04 14:00:00.342813,2,4,14,47,47,48,48,48,48,49,49,49,48,47,47,46,46,46,46,46,46,47,48,49,50,51
2016-02-04 15:00:00.862410,2,4,15,47,47,48,48,48,48,49,49,48,47,47,46,46,46,46,46,46,47,48,49,50,51,52
2016-02-04 16:00:00.590750,2,4,16,46,46,48,48,48,48,49,48,47,47,46,46,46,46,46,46,47,48,49,51,51,52,52
2016-02-04 17:00:00.361079,2,4,17,46,47,47,48,48,48,48,47,47,46,45,45,46,45,45,46,48,49,50,51,51,51,51
2016-02-04 18:00:00.323516,2,4,18,47,47,48,48,48,47,47,47,46,45,45,46,45,45,46,48,49,50,51,51,51,51,49
2016-02-04 19:00:00.300791,2,4,19,47,47,47,48,47,46,47,47,46,46,46,46,46,47,48,50,51,52,51,51,51,50,50
2016-02-04 20:00:00.487611,2,4,20,48,47,47,47,46,47,47,46,46,46,46,46,47,48,50,51,52,51,51,51,50,50,50
2016-02-04 21:00:01.368201,2,4,21,47,47,47,46,47,46,46,46,45,46,46,47,48,49,51,51,51,51,50,49,49,50,49
2016-02-04 22:00:00.401069,2,4,22,47,47,46,47,46,45,46,45,46,46,47,48,49,51,51,51,51,50,49,49,50,49,49
2016-02-04 23:00:00.331921,2,4,23,47,46,46,46,45,45,45,45,45,46,48,49,51,52,52,52,52,50,50,49,49,49,48
2016-02-05 00:00:00.313375,2,5,0,47,47,46,45,45,46,46,46,47,48,50,51,52,52,52,52,51,50,50,49,49,48,47
2016-02-05 01:00:00.308132,2,5,1,46,45,45,45,44,44,45,46,48,49,51,52,52,53,52,50,50,50,49,49,48,47,46
2016-02-05 02:00:00.303977,2,5,2,45,44,44,44,44,45,46,48,50,52,53,53,53,52,51,50,49,49,48,48,47,46,45
2016-02-05 03:00:00.412980,2,5,3,44,44,44,44,45,46,48,50,51,53,53,53,52,50,50,49,49,48,48,47,46,45,44
2016-02-05 04:00:00.977639,2,5,4,44,44,44,45,46,48,50,52,53,53,53,53,51,50,50,49,49,48,47,46,46,45,44
2016-02-05 05:00:00.412078,2,5,5,44,44,45,46,47,50,52,54,54,54,53,51,50,50,49,49,48,47,46,45,45,44,44
2016-02-05 06:00:00.514448,2,5,6,43,44,46,47,49,51,53,54,54,53,51,50,50,49,49,48,47,46,46,45,44,44,44
2016-02-05 07:00:00.896416,2,5,7,43,45,47,49,51,53,54,54,53,51,50,49,49,48,48,47,46,45,45,44,44,44,43
2016-02-05 08:00:00.377203,2,5,8,45,47,50,52,54,55,54,53,51,50,50,50,49,48,47,46,45,45,44,44,44,44,44
2016-02-05 09:00:00.313401,2,5,9,47,49,51,53,53,54,53,51,50,50,49,48,47,46,46,45,44,44,44,44,43,43,43
2016-02-05 10:00:00.506098,2,5,10,48,51,53,53,54,52,51,50,50,50,49,48,47,46,45,45,44,44,44,44,44,44,45
2016-02-05 11:00:00.322562,2,5,11,51,52,53,53,52,50,51,50,50,49,48,47,46,46,45,45,45,44,44,44,44,45,47
2016-02-05 12:00:00.422684,2,5,12,53,53,53,52,50,50,50,49,49,47,47,46,45,45,44,44,44,43,43,43,44,46,47
2016-02-05 13:00:00.421128,2,5,13,52,53,53,51,50,49,50,49,48,47,46,46,45,45,45,44,44,44,44,45,47,48,49
2016-02-05 14:00:00.401347,2,5,14,52,51,51,50,49,49,49,48,47,46,45,45,44,44,44,44,44,44,45,47,48,49,50
2016-02-05 15:00:00.492542,2,5,15,51,49,50,49,49,48,47,46,45,45,44,44,44,44,43,43,44,45,46,47,49,49,50
2016-02-05 16:00:00.313024,2,5,16,48,47,49,49,48,47,46,46,45,45,44,44,44,44,44,44,45,47,48,49,50,51,51
2016-02-05 17:00:00.376873,2,5,17,47,47,49,48,46,45,45,44,44,43,43,43,43,43,43,44,46,47,48,49,50,50,49
2016-02-05 18:00:00.360896,2,5,18,47,47,48,46,45,45,45,45,44,44,44,44,44,44,45,46,48,49,50,51,51,50,48
2016-02-05 19:00:00.451681,2,5,19,47,46,46,45,45,44,44,44,44,44,44,44,44,45,46,47,48,49,50,50,50,48,47
2016-02-05 20:00:00.257764,2,5,20,48,47,46,45,44,43,43,43,43,43,43,43,44,46,47,48,49,50,50,49,48,46,45
2016-02-05 21:00:00.494944,2,5,21,47,46,45,44,43,43,43,43,43,43,43,44,46,47,48,49,50,50,49,48,46,45,45
2016-02-05 22:00:00.278112,2,5,22,46,45,44,43,43,43,44,44,44,44,45,47,48,49,50,51,52,51,49,47,46,45,45
2016-02-05 23:00:00.279113,2,5,23,46,45,44,43,44,43,43,43,43,45,46,47,48,49,50,50,49,48,46,46,45,44,44
2016-02-06 00:00:00.250101,2,6,0,44,43,43,43,43,43,44,44,45,47,48,49,50,50,51,50,49,47,46,45,45,44,43
2016-02-06 01:00:00.310045,2,6,1,44,43,43,43,43,43,44,45,47,48,48,49,50,50,50,48,47,46,46,45,44,44,43
2016-02-06 02:00:00.276435,2,6,2,43,43,43,43,43,43,45,47,47,48,49,50,50,50,48,47,46,45,45,44,43,43,43
2016-02-06 03:00:00.391953,2,6,3,43,43,43,43,43,45,47,47,48,49,50,50,50,48,47,46,45,45,44,43,43,42,42
2016-02-06 04:00:00.739141,2,6,4,43,43,43,43,45,46,48,48,50,50,50,50,49,47,47,46,45,44,44,43,43,43,42
2016-02-06 05:00:00.381589,2,6,5,43,43,44,45,46,47,48,49,50,50,50,48,47,46,45,45,44,43,43,42,42,42,42
2016-02-06 06:00:01.171084,2,6,6,43,43,45,46,47,48,50,50,50,50,49,47,46,46,45,44,44,43,43,42,42,42,42
2016-02-06 07:00:00.336727,2,6,7,44,45,46,47,48,49,50,50,50,48,47,46,45,45,44,43,43,42,42,42,42,42,42
2016-02-06 08:00:01.202289,2,6,8,45,47,47,48,49,49,50,50,48,47,46,45,45,44,43,43,42,42,42,42,42,42,42
2016-02-06 09:00:00.316546,2,6,9,46,47,47,49,49,50,49,48,46,45,45,44,44,43,42,42,42,41,41,41,41,41,42
2016-02-06 10:00:00.280450,2,6,10,47,47,49,49,50,49,48,46,45,45,44,44,43,42,42,42,41,41,41,41,41,42,44
2016-02-06 11:00:00.267971,2,6,11,47,48,49,50,49,48,47,46,45,45,44,44,43,43,42,42,42,42,42,42,43,44,46
2016-02-06 12:00:00.413348,2,6,12,48,48,49,49,48,46,47,46,46,45,44,44,43,43,43,42,42,42,42,43,45,46,48
2016-02-06 13:00:00.295671,2,6,13,49,49,49,48,46,46,45,45,44,44,43,42,42,42,42,42,42,42,43,44,46,47,49
2016-02-06 14:00:00.281804,2,6,14,48,48,48,46,46,45,46,45,45,44,43,42,42,42,42,42,42,43,44,46,47,49,50
2016-02-06 15:00:03.378328,2,6,15,48,47,46,46,45,45,45,44,43,43,42,42,42,42,42,42,43,44,46,47,49,51,52
2016-02-06 16:00:00.265615,2,6,16,47,45,46,45,45,44,45,44,43,42,42,42,42,42,42,43,44,46,47,49,50,51,52
2016-02-06 17:00:00.283741,2,6,17,46,45,45,45,44,43,43,42,41,41,41,41,41,41,42,43,45,46,48,50,51,52,51
2016-02-06 18:00:00.320060,2,6,18,45,45,45,44,43,44,43,43,42,42,42,42,42,43,44,46,47,49,51,52,52,52,51
2016-02-06 19:00:00.291810,2,6,19,43,43,42,43,43,42,42,42,42,42,42,42,42,44,45,47,48,50,51,52,51,50,49
2016-02-06 20:00:00.287075,2,6,20,42,42,43,43,42,41,41,41,41,41,42,42,44,45,47,49,50,51,52,51,50,49,49
2016-02-06 21:00:02.657329,2,6,21,41,41,40,42,41,41,41,41,41,41,41,43,45,46,48,50,51,52,51,50,49,48,48
2016-02-06 22:00:00.293242,2,6,22,40,40,42,41,41,42,42,42,42,42,44,46,47,49,50,51,52,52,50,50,49,48,48
2016-02-06 23:00:00.276095,2,6,23,39,38,39,41,40,40,41,41,41,43,45,47,49,50,51,52,51,50,49,48,48,48,47
2016-02-07 00:00:01.062373,2,7,0,38,39,41,40,40,40,42,42,43,45,47,49,51,52,52,51,50,50,49,49,48,48,47
2016-02-07 01:00:00.251661,2,7,1,38,38,38,40,40,40,41,43,45,47,49,51,52,52,51,50,49,49,48,48,47,46,46
2016-02-07 02:00:00.478417,2,7,2,38,38,40,40,40,40,43,45,46,48,50,51,51,51,50,49,49,48,47,46,46,46,45
2016-02-07 03:00:00.433908,2,7,3,38,38,40,40,40,42,45,46,48,51,52,52,51,50,49,48,48,47,46,46,46,45,45
2016-02-07 04:00:01.288526,2,7,4,38,38,40,40,42,44,46,48,50,51,51,51,50,49,48,48,47,46,46,46,45,45,45
2016-02-07 05:00:00.627608,2,7,5,37,38,38,42,44,46,49,51,52,52,51,50,49,49,48,47,46,46,46,45,45,45,45
2016-02-07 06:00:00.684867,2,7,6,36,37,40,44,46,48,50,51,51,50,49,48,47,47,46,45,45,45,44,44,43,44,44
2016-02-07 07:00:00.205603,2,7,7,37,39,44,46,48,50,52,52,51,50,49,48,48,47,46,45,45,44,44,44,44,44,44
2016-02-07 08:00:00.252243,2,7,8,39,42,45,47,49,50,51,51,49,48,48,47,46,46,45,44,44,43,43,43,43,44,44
2016-02-07 09:00:00.262648,2,7,9,41,44,46,49,50,51,50,48,47,47,46,46,45,45,44,43,43,43,43,43,42,43,44
2016-02-07 10:00:00.301755,2,7,10,44,46,49,50,51,50,49,48,48,47,47,46,46,45,45,44,44,44,44,44,44,45,46
2016-02-07 11:00:00.283146,2,7,11,45,47,48,51,50,48,47,47,46,46,45,45,44,43,43,43,43,43,42,43,44,45,48
2016-02-07 12:00:00.263798,2,7,12,47,49,50,50,48,47,48,47,47,46,46,45,45,44,44,44,44,44,44,45,46,48,51
2016-02-07 13:00:00.321409,2,7,13,49,50,50,48,47,47,47,47,46,46,45,45,44,44,44,44,44,44,45,46,48,51,53
2016-02-07 14:00:00.331536,2,7,14,49,49,48,47,47,46,45,45,44,44,43,42,42,42,42,42,42,43,44,47,50,53,55
2016-02-07 15:00:00.247216,2,7,15,49,47,47,46,46,45,46,45,45,44,43,43,43,43,43,43,44,45,48,51,53,56,57
2016-02-07 16:00:00.479154,2,7,16,47,46,46,46,45,45,44,44,43,42,42,42,42,42,42,43,44,47,50,53,55,57,57
2016-02-07 17:00:00.654935,2,7,17,46,46,45,45,45,44,43,43,42,42,42,42,42,42,43,44,47,50,53,55,57,57,56
2016-02-07 18:00:01.041588,2,7,18,46,45,45,45,44,43,44,43,43,43,43,43,43,44,45,48,51,53,55,57,57,56,54
2016-02-07 19:00:00.654126,2,7,19,45,45,45,44,43,43,43,43,43,43,43,43,44,45,48,51,54,56,57,57,56,54,52
2016-02-07 20:00:00.271528,2,7,20,44,44,44,44,43,42,43,43,43,43,43,43,45,48,51,53,56,57,57,56,54,52,51
2016-02-07 21:00:00.292586,2,7,21,44,43,44,43,42,42,42,42,42,42,43,45,47,51,53,56,57,57,56,54,52,51,50
2016-02-07 22:00:00.306761,2,7,22,43,43,42,42,42,42,42,42,42,43,45,48,51,53,55,57,57,56,53,51,50,49,48
2016-02-07 23:00:00.259907,2,7,23,43,42,42,42,42,42,42,42,43,45,47,51,53,56,57,57,56,54,52,50,50,49,48
2016-02-08 00:00:00.311534,2,8,0,43,42,42,42,42,41,43,43,45,48,51,53,55,56,56,55,53,51,50,50,49,48,47
2016-02-08 01:00:00.315997,2,8,1,42,42,42,42,41,41,43,45,48,50,52,54,56,56,55,53,51,50,49,49,48,47,47
2016-02-08 02:00:00.300610,2,8,2,41,42,42,42,42,42,44,47,50,52,54,56,56,55,53,51,49,48,48,47,46,46,45
2016-02-08 03:00:00.395265,2,8,3,41,41,41,42,42,44,47,50,52,54,56,56,55,53,50,49,48,48,47,46,46,45,44
2016-02-08 04:00:02.356686,2,8,4,42,41,42,43,44,47,50,52,54,56,56,55,53,51,50,49,48,48,47,46,46,45,44
2016-02-08 05:00:02.209243,2,8,5,41,41,43,44,47,50,52,54,56,56,55,53,51,49,48,48,47,47,46,45,44,44,43
2016-02-08 06:00:00.408928,2,8,6,42,42,44,47,50,52,55,57,57,56,54,52,51,49,49,48,47,47,46,45,44,44,44
2016-02-08 07:00:00.534172,2,8,7,42,44,47,50,52,54,56,56,55,53,51,50,49,49,48,48,47,46,45,45,44,44,44
2016-02-08 08:00:00.357435,2,8,8,43,46,50,52,54,55,56,55,54,51,50,49,48,47,47,46,45,44,44,43,43,43,43
2016-02-08 09:00:00.433729,2,8,9,46,49,52,54,55,56,55,53,51,50,49,48,48,47,47,46,45,44,44,43,43,44,44
2016-02-08 10:00:00.302888,2,8,10,49,51,53,55,56,55,53,51,50,49,48,47,47,47,46,45,44,44,43,43,43,44,46
2016-02-08 11:00:00.376543,2,8,11,52,54,55,55,54,53,51,50,49,49,48,47,47,46,45,44,44,43,43,43,44,46,49
2016-02-08 12:00:00.301816,2,8,12,53,54,55,54,53,50,51,49,49,48,47,46,46,45,44,44,43,43,43,44,46,49,53
2016-02-08 13:00:01.299372,2,8,13,53,54,53,52,50,49,48,47,47,46,46,45,44,43,43,42,42,42,43,45,48,52,55
2016-02-08 14:00:00.507332,2,8,14,54,53,52,50,49,48,47,46,46,45,44,43,42,42,42,42,42,42,45,48,52,55,57
2016-02-08 15:00:00.833505,2,8,15,54,52,50,49,48,47,47,47,46,45,44,44,43,43,43,43,43,45,49,52,55,58,60
2016-02-08 16:00:00.340194,2,8,16,53,51,50,48,47,46,46,46,45,44,43,42,43,42,42,43,46,49,53,56,58,61,61
2016-02-08 17:00:00.449482,2,8,17,52,50,49,47,46,46,45,45,44,43,42,42,42,42,43,45,48,52,55,58,59,60,59
2016-02-08 18:00:00.685129,2,8,18,50,49,47,46,46,45,45,44,43,43,43,42,43,43,45,48,52,55,57,59,60,59,57
2016-02-08 19:00:00.298451,2,8,19,48,47,46,45,45,44,44,43,42,42,42,42,43,45,48,52,55,58,59,60,59,57,55
2016-02-08 20:00:00.435939,2,8,20,46,46,46,45,44,43,42,42,42,42,42,42,45,48,52,55,58,59,60,59,57,55,53
2016-02-08 21:00:01.824007,2,8,21,46,45,45,44,43,42,43,43,43,43,43,45,49,52,55,57,59,60,59,57,55,54,53
2016-02-08 22:00:01.181644,2,8,22,46,45,44,43,42,42,42,42,42,43,45,48,51,54,56,58,59,58,56,54,53,52,51
2016-02-08 23:00:00.235310,2,8,23,45,44,43,42,42,42,42,42,43,46,49,53,55,58,59,60,59,57,55,53,53,52,51
2016-02-09 00:00:00.256061,2,9,0,45,43,43,42,42,42,43,43,45,48,52,54,57,58,59,58,56,54,53,52,52,51,50
2016-02-09 01:00:00.398056,2,9,1,44,43,42,42,42,42,43,45,48,51,54,56,58,59,58,56,54,53,52,51,50,50,49
2016-02-09 02:00:00.361096,2,9,2,43,43,42,41,41,41,45,48,51,54,56,58,58,58,56,54,53,52,52,51,50,49,49
2016-02-09 03:00:00.372945,2,9,3,43,42,42,41,42,45,48,51,55,57,59,59,58,56,54,53,52,51,50,50,49,48,48
2016-02-09 04:00:01.003603,2,9,4,43,42,41,41,45,48,51,54,56,58,59,58,56,54,53,52,51,50,50,49,48,48,48
2016-02-09 05:00:01.101208,2,9,5,41,41,41,45,48,51,54,56,58,59,58,56,54,53,52,51,50,50,49,49,48,48,48
2016-02-09 06:00:00.334838,2,9,6,41,41,45,48,51,54,56,58,59,58,56,54,53,52,51,50,49,49,48,48,48,48,48
2016-02-09 07:00:00.313198,2,9,7,41,44,48,51,54,56,58,59,58,56,54,53,53,52,51,50,50,49,49,49,48,48,48
2016-02-09 08:00:00.313583,2,9,8,43,47,51,54,56,58,59,58,56,54,53,52,51,50,50,49,48,48,48,48,47,47,47
2016-02-09 09:00:00.308122,2,9,9,47,51,54,56,58,58,58,56,54,53,52,51,50,50,49,48,48,48,48,47,47,47,48
2016-02-09 10:00:00.307398,2,9,10,50,53,56,58,58,58,56,54,53,52,52,51,50,50,49,49,48,48,48,48,48,48,49
2016-02-16 09:26:52.309723,2,16,9,51,51,52,54,54,54,54,53,52,51,50,50,49,49,49,48,48,48,48,48,48,48,48
2016-02-16 10:00:00.549662,2,16,10,50,51,52,54,54,54,54,52,51,51,50,50,49,49,48,48,48,48,48,48,48,49,50
2016-02-16 11:00:00.359040,2,16,11,51,53,54,54,54,53,53,52,51,51,50,50,49,49,48,48,48,48,48,49,49,51,52
2016-02-16 12:00:00.371299,2,16,12,53,53,54,54,53,52,52,51,50,50,50,49,49,49,48,48,48,48,48,49,50,52,53
2016-02-16 13:00:00.566093,2,16,13,55,55,54,53,52,51,51,51,50,50,49,49,49,48,48,48,48,49,49,51,52,54,55
2016-02-16 14:00:00.679798,2,16,14,55,54,53,52,51,51,51,50,50,50,49,49,49,49,48,48,49,49,51,52,54,55,56
2016-02-16 15:00:01.701240,2,16,15,54,53,52,51,51,50,50,50,49,49,49,49,49,48,48,48,49,50,52,53,54,56,57
2016-02-16 16:00:00.312855,2,16,16,53,52,51,51,50,50,50,50,49,49,49,49,49,48,49,49,51,52,54,55,56,57,57
2016-02-16 17:00:00.391610,2,16,17,52,51,51,50,50,49,50,49,50,49,49,49,49,49,50,51,52,54,55,56,57,57,56
2016-02-16 18:00:00.337009,2,16,18,51,50,50,50,49,49,49,49,49,49,48,48,48,49,50,51,53,54,55,56,57,56,54
2016-02-16 19:00:00.450928,2,16,19,51,51,50,49,49,48,49,49,49,49,49,49,49,51,52,53,54,56,57,57,56,55,53
2016-02-16 20:00:00.631435,2,16,20,50,50,50,49,48,49,49,49,49,49,49,49,50,52,53,54,55,56,56,56,54,53,52
2016-02-16 21:00:01.336277,2,16,21,50,50,49,48,49,49,49,48,48,48,49,50,51,53,54,55,56,56,56,54,53,51,51
2016-02-16 22:00:01.277868,2,16,22,50,49,48,49,49,49,48,48,48,48,50,51,53,54,55,56,56,56,54,52,51,50,50
2016-02-16 23:00:00.283734,2,16,23,50,49,49,49,49,48,49,49,49,51,52,54,54,56,57,57,56,55,53,52,51,51,50
2016-02-17 00:00:02.029828,2,17,0,48,49,49,49,48,48,48,48,50,51,53,54,55,56,56,55,54,52,51,50,50,49,48
2016-02-17 01:00:00.439938,2,17,1,49,49,49,48,48,49,49,50,52,53,54,55,56,56,55,54,52,52,51,50,50,49,48
2016-02-17 02:00:00.330450,2,17,2,48,48,48,48,48,48,50,51,53,54,55,56,56,56,55,53,52,51,50,49,49,48,47
2016-02-17 03:00:00.387333,2,17,3,48,48,48,48,48,50,51,53,54,55,56,57,56,55,53,52,51,50,50,49,48,47,47
2016-02-17 04:00:00.541647,2,17,4,48,47,48,48,49,51,53,53,55,56,56,55,54,52,51,50,50,49,48,47,46,46,45
2016-02-17 05:00:00.330787,2,17,5,47,47,48,49,51,52,55,56,57,57,56,55,53,52,51,51,50,49,48,47,47,46,46
2016-02-17 06:00:00.351631,2,17,6,48,48,49,51,52,53,55,56,56,55,54,53,51,51,50,50,49,48,47,47,46,46,45
2016-02-17 07:00:00.382167,2,17,7,48,49,51,52,53,55,56,56,55,54,53,52,51,50,50,49,48,47,46,46,46,45,45
2016-02-17 08:00:00.358040,2,17,8,49,51,53,53,55,56,57,56,55,53,52,51,50,49,49,48,47,46,46,46,45,45,45
2016-02-17 09:00:00.385916,2,17,9,51,53,53,55,56,56,56,55,53,52,51,50,49,48,48,47,46,46,45,45,45,44,45
2016-02-17 10:00:00.425118,2,17,10,53,53,55,56,56,56,55,53,52,51,50,49,48,48,47,46,46,45,45,45,44,45,47
2016-02-17 11:00:00.343412,2,17,11,54,55,56,55,55,54,53,52,51,50,50,49,48,47,47,46,46,45,45,45,46,47,48
2016-02-17 12:00:00.377252,2,17,12,55,56,55,55,54,52,51,50,49,49,48,47,46,46,45,45,45,44,44,45,46,48,48
2016-02-17 13:00:00.512960,2,17,13,57,57,56,54,52,51,50,49,49,48,47,46,46,45,45,45,44,44,45,46,48,48,49
2016-02-17 14:00:00.407814,2,17,14,55,53,53,52,51,50,50,50,49,49,47,47,46,46,45,45,45,46,47,48,49,49,50
2016-02-17 15:00:01.233333,2,17,15,53,52,52,52,51,50,49,49,48,47,46,46,45,45,45,45,45,47,48,49,49,50,51
2016-02-17 16:00:00.315011,2,17,16,51,50,52,51,50,49,50,49,48,47,46,46,45,45,45,46,47,48,49,50,51,51,51
2016-02-17 17:00:00.354948,2,17,17,53,52,51,50,49,49,49,48,47,46,46,46,45,45,46,47,48,49,50,51,51,51,51
2016-02-17 18:00:00.438327,2,17,18,52,51,50,49,49,48,47,47,46,46,45,45,45,45,47,48,49,50,50,51,51,50,49
2016-02-17 19:00:00.374904,2,17,19,51,50,49,49,48,47,47,46,46,46,45,45,46,48,49,50,50,51,52,52,51,50,49
2016-02-17 20:00:00.314283,2,17,20,50,49,49,48,47,47,47,46,46,46,45,46,48,49,50,50,51,52,52,52,50,49,48
2016-02-17 21:00:01.030528,2,17,21,49,49,48,47,46,46,46,46,46,46,46,48,49,50,50,51,52,52,52,50,49,49,48
2016-02-17 22:00:02.106358,2,17,22,48,47,47,46,46,45,45,45,45,45,46,48,49,49,50,51,51,50,49,47,47,47,46
2016-02-17 23:00:00.303482,2,17,23,47,46,46,46,46,45,46,46,46,47,49,49,50,51,51,51,51,49,48,48,48,47,47
2016-02-18 00:00:01.783346,2,18,0,46,46,46,46,45,45,45,46,48,49,50,50,51,51,51,51,50,49,48,48,47,47,47
2016-02-18 01:00:00.328031,2,18,1,46,45,45,45,45,45,45,47,48,49,50,50,51,51,50,49,48,47,47,47,47,46,46
2016-02-18 02:00:00.346879,2,18,2,46,46,46,45,45,45,48,49,50,51,52,52,52,52,50,49,49,48,48,47,47,47,47
2016-02-18 03:00:00.368995,2,18,3,46,46,45,45,45,47,49,50,51,52,52,52,52,50,49,49,48,48,48,48,47,47,46
2016-02-18 04:00:00.990261,2,18,4,46,45,45,45,47,48,49,50,51,52,52,51,49,48,48,48,47,47,47,47,46,46,46
2016-02-18 05:00:00.354310,2,18,5,46,45,46,47,48,49,50,51,51,52,51,49,48,48,48,47,47,47,47,46,46,46,46
2016-02-18 06:00:00.364090,2,18,6,45,46,47,48,49,50,51,51,52,51,49,48,48,48,47,47,47,47,46,46,46,46,46
2016-02-18 07:00:00.318945,2,18,7,45,47,48,49,50,51,52,52,52,50,49,49,48,48,48,47,47,46,46,46,47,47,47
2016-02-18 08:00:00.327851,2,18,8,48,49,49,50,51,51,53,52,51,49,49,48,48,48,47,47,46,46,46,47,47,47,47
2016-02-18 09:00:00.406387,2,18,9,48,49,50,51,51,51,51,49,48,47,47,47,47,47,46,45,45,45,46,46,46,46,46
2016-02-18 10:00:00.369786,2,18,10,49,50,51,51,51,51,50,48,48,47,47,47,47,47,46,46,46,47,47,47,47,47,48
2016-02-18 11:00:00.309357,2,18,11,51,52,52,51,51,49,48,48,47,47,47,47,46,46,45,45,46,46,46,46,46,47,48
2016-02-18 12:00:00.342359,2,18,12,52,52,51,51,49,48,48,48,47,47,47,47,46,46,46,46,46,47,47,47,48,49,49
2016-02-18 13:00:00.376927,2,18,13,51,51,51,49,48,47,48,48,48,47,47,46,46,46,47,47,47,47,47,48,49,50,51
2016-02-18 14:00:00.349657,2,18,14,50,49,49,48,47,47,47,48,47,47,46,46,46,47,47,47,47,47,48,49,50,51,51
2016-02-18 15:00:02.332202,2,18,15,50,49,48,47,47,47,47,47,47,46,46,46,47,47,47,47,47,48,49,50,51,51,50
2016-02-18 16:00:00.449276,2,18,16,49,48,47,47,47,47,47,47,46,46,47,47,47,47,47,47,48,49,51,52,52,51,50
2016-02-18 17:00:00.280751,2,18,17,49,48,47,47,47,47,47,46,46,46,46,47,47,46,47,48,49,50,51,51,50,49,48
2016-02-18 18:00:00.273252,2,18,18,47,47,47,47,47,46,46,45,46,46,46,46,46,46,47,49,49,50,50,49,48,48,47
2016-02-18 19:00:00.336165,2,18,19,48,47,47,47,46,46,46,47,47,47,47,47,47,48,50,51,51,51,51,50,49,48,47
2016-02-18 20:00:00.293165,2,18,20,47,47,46,46,45,45,45,46,46,46,46,46,47,49,50,50,50,49,48,47,46,45,45
2016-02-18 21:00:02.000145,2,18,21,47,47,47,45,45,45,46,47,47,46,47,48,49,50,51,51,49,49,48,46,46,45,45
2016-02-18 22:00:01.019369,2,18,22,45,45,44,45,45,46,46,46,46,46,47,48,49,50,50,49,48,47,46,45,44,44,44
2016-02-18 23:00:00.380794,2,18,23,45,44,44,45,46,46,46,46,47,48,49,50,50,51,50,49,48,47,46,45,45,44,44
2016-02-19 00:00:03.640244,2,19,0,44,44,45,46,46,47,47,47,48,50,51,51,51,51,50,49,47,46,46,46,45,45,44
2016-02-19 01:00:00.323978,2,19,1,45,45,46,46,46,46,47,48,50,51,51,51,51,50,49,47,47,46,46,45,44,44,43
2016-02-19 02:00:00.344060,2,19,2,46,46,46,46,46,47,48,49,50,50,50,50,49,48,47,46,45,45,44,44,43,43,42
2016-02-19 03:00:00.370101,2,19,3,46,46,46,46,47,47,48,49,50,50,49,48,47,46,45,45,44,43,43,43,42,42,41
2016-02-19 04:00:00.933756,2,19,4,46,46,46,46,47,48,50,51,51,50,49,48,47,46,46,45,44,44,44,43,43,42,42
2016-02-19 05:00:00.362100,2,19,5,45,45,46,47,48,49,51,51,51,50,49,48,47,46,46,45,44,44,43,43,42,42,42
2016-02-19 06:00:02.143807,2,19,6,44,45,46,48,49,50,51,51,50,49,47,47,46,45,45,44,44,43,43,42,42,42,42
2016-02-19 07:00:00.504197,2,19,7,46,46,49,49,50,50,50,49,48,47,46,45,45,44,44,43,43,42,41,41,41,41,41
2016-02-19 08:00:00.303908,2,19,8,45,47,48,51,51,50,50,48,47,47,46,45,44,44,43,43,42,42,41,41,41,41,41
2016-02-19 09:00:00.500827,2,19,9,47,48,51,51,50,49,49,48,47,46,46,45,44,44,43,42,42,42,42,42,41,41,42
2016-02-19 10:00:00.427850,2,19,10,48,49,51,50,49,48,47,46,45,44,44,43,43,42,41,41,41,41,41,40,40,41,43
2016-02-19 11:00:00.465958,2,19,11,48,49,50,49,48,47,47,46,45,44,44,43,43,42,42,41,42,42,41,41,41,43,46
2016-02-19 12:00:00.382347,2,19,12,48,48,47,48,47,46,46,45,44,44,43,43,42,42,42,42,41,41,41,42,43,45,46
2016-02-19 13:00:00.319968,2,19,13,48,47,48,47,46,45,46,45,44,44,43,42,42,42,42,42,41,41,42,44,46,47,49
2016-02-19 14:00:00.350328,2,19,14,46,46,45,46,45,45,45,44,43,43,42,41,42,42,42,41,41,42,44,46,47,48,49
2016-02-19 15:00:01.138135,2,19,15,45,45,46,45,45,44,44,44,43,42,41,42,42,42,42,41,42,44,46,47,49,50,50
2016-02-19 16:00:00.307087,2,19,16,46,45,45,45,44,43,43,43,42,41,41,42,41,41,41,42,43,45,46,47,49,49,50
2016-02-19 17:00:00.493672,2,19,17,45,45,44,44,43,43,43,42,41,42,42,42,42,41,42,44,46,47,48,50,50,51,51
2016-02-19 18:00:00.291533,2,19,18,44,44,43,43,43,42,42,42,42,42,42,41,41,42,44,45,47,48,49,50,50,50,49
2016-02-19 19:00:00.347434,2,19,19,44,43,43,43,42,41,41,41,42,42,41,41,42,44,46,47,48,50,50,51,51,49,48
2016-02-19 20:00:00.309741,2,19,20,43,43,43,42,42,41,41,42,41,41,41,42,44,45,46,47,49,49,50,50,48,47,46
2016-02-19 21:00:03.724579,2,19,21,42,42,42,42,41,41,42,41,41,41,42,44,46,47,48,49,50,51,50,49,47,46,45
2016-02-19 22:00:00.403243,2,19,22,42,42,42,41,41,41,41,41,41,41,43,45,46,48,49,50,50,50,48,47,46,45,44
2016-02-19 23:00:00.265051,2,19,23,42,42,41,41,41,41,41,41,42,44,45,47,48,49,50,51,51,49,47,45,45,44,43
2016-02-20 00:00:00.354070,2,20,0,42,41,41,41,41,40,40,41,43,44,46,47,48,49,50,49,48,46,45,44,43,42,41
2016-02-20 01:00:00.308262,2,20,1,40,40,41,41,40,40,42,43,45,46,47,49,49,50,49,48,47,46,45,44,44,43,42
2016-02-20 02:00:00.286379,2,20,2,41,41,41,40,40,42,43,45,46,47,49,49,50,49,48,47,46,45,44,44,43,42,41
2016-02-20 03:00:00.340945,2,20,3,40,40,40,40,41,43,45,46,47,48,49,50,49,48,46,45,44,43,42,41,40,40,40
2016-02-20 04:00:00.314005,2,20,4,40,40,40,41,43,45,46,47,48,49,50,49,48,46,45,44,43,42,41,40,40,40,40
2016-02-20 05:00:00.373897,2,20,5,40,40,41,43,45,46,48,49,49,50,50,48,47,46,45,44,43,42,41,40,40,40,40
2016-02-20 06:00:00.344832,2,20,6,40,40,43,45,46,47,49,50,50,50,48,47,46,45,44,43,42,41,41,41,41,40,40
2016-02-20 07:00:00.325408,2,20,7,40,42,45,46,47,48,49,50,50,48,47,46,45,44,43,42,41,41,41,41,40,40,40
2016-02-20 08:00:00.348778,2,20,8,43,44,46,47,48,49,50,50,48,47,46,45,44,43,42,41,41,41,41,41,40,40,40
2016-02-20 09:00:00.382334,2,20,9,44,45,47,48,49,50,50,48,47,46,45,44,43,42,41,41,41,41,41,40,40,40,42
2016-02-20 10:00:00.370808,2,20,10,46,47,48,49,50,49,48,46,45,44,43,43,42,41,41,41,41,40,40,40,40,41,44
2016-02-20 11:00:00.312286,2,20,11,48,49,49,49,49,48,47,46,45,44,43,42,41,41,41,41,40,40,40,40,41,43,45
2016-02-20 12:00:00.249229,2,20,12,49,50,50,49,48,46,45,45,44,43,42,41,41,41,40,40,40,40,40,41,43,45,45
2016-02-20 13:00:00.376054,2,20,13,50,50,49,48,46,46,45,44,43,42,42,41,41,41,40,40,40,40,41,44,46,46,47
2016-02-20 14:00:00.491349,2,20,14,51,50,47,46,45,44,44,43,42,41,41,41,41,41,40,40,40,41,44,46,46,46,47
2016-02-20 15:00:00.318264,2,20,15,50,48,46,45,44,44,43,42,41,41,41,41,41,40,40,40,41,44,46,46,46,47,47
2016-02-20 16:00:00.274876,2,20,16,48,46,45,44,43,43,42,41,41,41,41,41,40,40,40,41,44,46,47,47,47,48,49
2016-02-20 17:00:00.460422,2,20,17,47,46,44,43,42,41,41,40,40,40,40,40,40,40,41,43,45,46,46,47,47,48,48
2016-02-20 18:00:00.369845,2,20,18,46,45,43,42,41,42,41,41,41,41,41,40,40,41,44,46,46,46,47,47,48,48,47
2016-02-20 19:00:01.414273,2,20,19,45,44,42,41,40,40,40,40,40,40,40,40,41,43,45,46,46,46,47,48,48,47,46
2016-02-20 20:00:00.630356,2,20,20,43,42,42,40,40,41,41,41,41,40,40,41,43,45,46,46,46,47,48,48,47,46,46
2016-02-20 21:00:00.347849,2,20,21,43,42,40,40,41,41,41,41,40,40,41,43,45,46,46,46,47,48,48,47,46,46,45
2016-02-20 22:00:00.421281,2,20,22,40,39,40,41,40,40,40,40,40,41,44,46,47,47,47,47,48,48,47,47,46,46,45
2016-02-20 23:00:01.161481,2,20,23,40,40,41,41,40,40,40,40,41,44,46,47,47,47,47,48,48,47,47,46,46,45,45
2016-02-21 00:00:03.459637,2,21,0,39,40,41,40,40,39,39,40,43,45,46,46,46,47,47,47,46,46,46,45,44,44,43
2016-02-21 01:00:00.261960,2,21,1,40,40,41,40,40,40,41,44,46,47,47,47,47,48,48,47,47,46,46,45,44,44,43
2016-02-21 02:00:00.466468,2,21,2,38,38,39,39,39,41,43,46,47,47,47,47,48,47,47,46,46,45,45,44,43,43,42
2016-02-21 03:00:00.311769,2,21,3,38,38,39,39,41,43,45,47,47,47,47,47,47,46,46,45,45,44,43,43,42,42,41
2016-02-21 04:00:00.330496,2,21,4,37,37,39,41,43,45,47,47,47,47,48,47,47,46,46,45,44,44,43,43,42,42,41
2016-02-21 05:00:00.417448,2,21,5,36,37,40,43,45,47,47,47,47,48,48,47,46,46,46,45,44,43,43,42,42,41,42
2016-02-21 06:00:01.407974,2,21,6,36,38,43,45,47,47,47,47,48,47,47,46,46,45,45,44,43,43,42,42,41,42,42
2016-02-21 07:00:00.365778,2,21,7,37,40,45,47,47,47,47,47,47,46,46,45,45,44,43,43,42,41,41,41,41,41,41
2016-02-21 08:00:00.410161,2,21,8,39,42,44,47,46,46,47,47,47,46,46,45,45,44,43,43,42,42,41,41,41,41,41
2016-02-21 09:00:00.347809,2,21,9,42,44,47,46,46,47,47,47,46,46,45,45,44,43,43,42,42,41,41,41,41,41,42
2016-02-21 10:00:00.299643,2,21,10,43,44,46,46,47,47,47,47,46,46,45,44,44,43,42,42,42,42,42,42,42,42,44
2016-02-21 11:00:00.285379,2,21,11,45,44,46,47,46,46,46,46,45,45,44,43,43,42,41,41,41,41,41,42,42,44,45
2016-02-21 12:00:00.311548,2,21,12,45,45,47,46,46,45,45,45,44,43,43,42,41,41,41,41,41,41,41,42,43,44,45
2016-02-21 13:00:00.314161,2,21,13,45,46,47,46,45,46,45,45,44,43,43,42,42,42,42,42,41,42,42,44,45,46,47
2016-02-21 14:00:00.372282,2,21,14,45,45,46,45,45,44,44,43,43,42,42,41,41,41,41,41,41,42,43,44,45,46,47
2016-02-21 15:00:00.258516,2,21,15,48,47,46,45,44,43,44,43,43,42,42,42,42,42,42,42,42,44,45,46,47,48,48
2016-02-21 16:00:00.296584,2,21,16,47,46,45,44,43,43,43,42,42,42,41,41,41,41,41,41,43,44,45,46,47,48,49
2016-02-21 17:00:01.158557,2,21,17,46,45,44,43,43,43,42,42,42,41,41,41,41,41,41,43,44,45,46,47,48,49,48
2016-02-21 18:00:00.253245,2,21,18,46,45,43,43,42,42,41,41,41,41,41,40,40,41,43,44,45,45,46,47,48,47,46
2016-02-21 19:00:00.261732,2,21,19,45,44,43,42,42,41,41,41,41,41,41,41,41,43,44,45,46,47,48,48,48,47,45
2016-02-21 20:00:01.022117,2,21,20,45,44,42,42,41,41,41,41,41,40,40,41,43,44,44,45,46,47,48,48,46,44,43
2016-02-21 21:00:02.126060,2,21,21,45,44,42,42,42,41,41,41,41,41,41,43,44,45,45,47,47,48,48,46,45,44,43
2016-02-21 22:00:00.253728,2,21,22,44,44,43,41,41,41,42,41,41,42,43,44,45,46,47,48,49,48,47,45,44,43,42
2016-02-21 23:00:00.337163,2,21,23,43,43,42,41,41,41,41,41,42,44,45,46,47,48,49,49,49,48,46,45,44,42,41
2016-02-22 00:00:01.748078,2,22,0,43,42,41,41,41,40,40,41,43,44,45,46,47,48,48,48,47,45,44,43,42,40,39
2016-02-22 01:00:00.336175,2,22,1,42,42,41,41,41,40,42,43,45,46,46,48,49,49,48,47,45,44,44,42,42,41,40
2016-02-22 02:00:00.422391,2,22,2,43,42,41,41,40,41,43,44,45,46,47,48,48,48,47,45,44,43,42,41,40,39,38
2016-02-22 03:00:00.271477,2,22,3,42,42,41,40,41,43,45,46,47,48,49,49,49,48,46,45,44,43,42,41,40,39,39
2016-02-22 04:00:01.415716,2,22,4,42,41,40,41,43,44,46,47,48,49,49,49,47,46,45,44,43,42,41,40,40,39,38
2016-02-22 05:00:00.336008,2,22,5,42,42,42,43,44,45,48,49,49,50,50,48,46,45,44,43,42,41,40,39,39,38,37
2016-02-22 06:00:00.312327,2,22,6,42,42,43,44,45,46,49,49,50,50,48,46,45,44,43,42,41,40,39,38,38,37,36
2016-02-22 07:00:00.460753,2,22,7,44,45,46,46,47,48,50,50,50,48,47,45,44,43,42,41,40,39,38,38,37,36,36
2016-02-22 08:00:00.369647,2,22,8,44,45,45,46,47,48,50,50,48,46,45,44,43,42,41,40,39,38,38,37,36,36,36
2016-02-22 09:00:00.336337,2,22,9,44,45,46,47,48,48,48,47,45,44,43,42,41,40,39,39,38,37,37,36,36,36,37
2016-02-22 10:00:00.456520,2,22,10,44,45,46,48,48,48,47,45,44,43,42,42,41,40,40,39,38,38,38,37,37,38,41
2016-02-22 11:00:01.043967,2,22,11,46,47,48,48,48,47,45,43,42,41,41,40,39,38,38,37,37,36,36,36,37,40,44
2016-02-22 12:00:00.304662,2,22,12,46,47,48,48,47,45,43,42,41,41,40,39,38,38,37,37,36,36,36,37,40,44,47
2016-02-22 13:00:00.513995,2,22,13,47,48,48,47,45,44,44,43,42,42,41,41,40,39,39,38,37,38,39,42,45,48,50
2016-02-22 14:00:00.467656,2,22,14,48,47,46,45,44,43,43,42,42,41,40,40,39,38,37,37,37,38,42,45,48,50,52
2016-02-22 15:00:00.283145,2,22,15,48,47,45,44,43,42,41,41,40,40,39,38,37,37,36,36,37,41,44,47,50,52,53
2016-02-22 16:00:00.401288,2,22,16,47,45,44,43,42,41,42,41,41,40,39,38,38,37,37,39,42,45,48,50,52,54,55
2016-02-22 17:00:01.471586,2,22,17,46,45,43,42,41,41,41,41,40,39,39,38,37,37,39,42,45,48,50,52,54,55,54
2016-02-22 18:00:00.372096,2,22,18,45,44,42,41,41,40,40,40,39,39,38,37,37,39,42,45,48,50,53,54,55,54,52
2016-02-22 19:00:00.568365,2,22,19,44,43,41,41,40,39,39,38,37,36,36,36,38,41,44,47,50,52,54,54,53,51,49
2016-02-22 20:00:00.369114,2,22,20,42,41,41,40,40,40,40,39,38,37,38,39,42,45,47,49,52,54,54,53,51,49,48
2016-02-22 21:00:01.044693,2,22,21,41,40,40,40,40,39,39,38,37,37,38,42,45,48,50,53,54,55,54,52,50,49,47
2016-02-22 22:00:01.100656,2,22,22,39,39,39,39,38,38,38,37,37,38,42,46,49,51,53,54,56,55,53,51,49,48,47
2016-02-22 23:00:00.706178,2,22,23,39,39,40,39,38,37,38,38,39,42,45,48,50,52,54,55,54,52,50,49,48,47,46
2016-02-23 00:00:00.454817,2,23,0,38,38,39,38,37,36,38,39,42,46,48,50,53,54,55,54,52,50,49,48,47,46,45
2016-02-23 01:00:00.315534,2,23,1,38,38,37,38,37,37,38,42,45,49,51,53,54,55,54,52,50,48,47,47,46,45,45
2016-02-23 02:00:00.538060,2,23,2,37,37,37,37,37,38,42,45,48,50,52,54,55,54,52,50,48,47,47,46,45,45,44
2016-02-23 03:00:00.338096,2,23,3,36,36,37,37,38,41,45,48,50,53,54,55,54,52,50,49,48,47,46,46,45,44,44
2016-02-23 04:00:01.331354,2,23,4,36,35,37,38,42,45,49,51,53,55,55,54,52,50,49,48,47,46,45,45,44,44,43
2016-02-23 05:00:00.439630,2,23,5,35,36,38,41,45,48,51,53,55,55,55,52,50,49,48,47,47,46,45,45,44,44,43
2016-02-23 06:00:00.388707,2,23,6,36,38,41,45,48,50,52,54,55,54,52,50,49,48,47,46,46,45,45,44,44,43,43
2016-02-23 07:00:00.334343,2,23,7,38,41,45,48,50,52,55,55,55,52,50,49,48,47,46,46,45,44,44,44,43,43,43
2016-02-23 08:00:00.427106,2,23,8,41,45,48,50,52,54,55,54,52,49,48,47,47,46,45,45,44,44,43,43,43,42,43
2016-02-23 09:00:00.345679,2,23,9,44,48,50,52,54,55,54,52,50,49,48,47,46,46,45,45,44,44,43,43,43,43,44
2016-02-23 10:00:00.443062,2,23,10,48,51,52,54,55,54,52,50,49,48,47,47,46,45,45,44,44,43,43,43,43,44,46
2016-02-23 11:00:00.354061,2,23,11,51,53,54,54,54,51,49,48,47,46,46,45,44,44,43,43,42,42,42,42,43,46,48
2016-02-23 12:00:01.363518,2,23,12,52,54,54,53,51,49,48,47,47,46,45,45,44,44,43,43,43,43,43,44,46,49,51
2016-02-23 13:00:00.689918,2,23,13,55,55,54,51,49,48,47,46,46,45,44,44,44,43,43,42,42,42,44,46,48,50,52
2016-02-23 14:00:00.504615,2,23,14,55,54,51,49,48,47,47,47,46,45,45,44,44,43,43,43,44,45,47,49,51,53,54
2016-02-23 15:00:02.425294,2,23,15,55,53,50,48,47,46,47,46,45,45,45,44,44,43,43,43,45,47,49,51,53,54,55
2016-02-23 16:00:00.334837,2,23,16,53,50,48,47,46,46,46,46,45,45,44,44,43,43,44,45,47,49,51,53,54,56,57
2016-02-23 17:00:00.267127,2,23,17,51,49,47,46,46,45,44,44,44,43,43,42,42,43,44,46,48,50,52,53,55,56,56
2016-02-23 18:00:00.282780,2,23,18,51,50,49,46,45,45,45,44,44,44,43,43,43,44,46,49,51,52,53,55,56,56,54
2016-02-23 19:00:00.365556,2,23,19,50,49,48,45,44,44,44,44,44,43,43,43,45,46,49,51,53,54,55,57,56,55,53
2016-02-23 20:00:00.364212,2,23,20,49,48,47,45,44,44,45,44,44,43,44,45,47,49,51,53,54,55,56,56,55,53,52
2016-02-23 21:00:01.081088,2,23,21,48,47,46,44,44,44,44,44,43,44,45,47,49,51,53,54,55,56,56,55,53,52,51
2016-02-23 22:00:01.101249,2,23,22,47,46,45,44,44,43,44,44,44,45,47,50,51,53,54,56,57,56,55,53,52,51,49
2016-02-23 23:00:00.264425,2,23,23,45,45,44,44,43,43,44,44,45,47,50,51,53,54,56,57,56,55,53,52,51,49,48
2016-02-24 00:00:00.372126,2,24,0,45,45,44,43,43,43,44,45,47,50,51,53,55,56,57,57,55,54,53,51,50,49,47
2016-02-24 01:00:00.342109,2,24,1,45,45,44,43,43,44,46,48,50,51,53,54,56,56,56,55,54,52,51,50,49,48,48
2016-02-24 02:00:00.325119,2,24,2,45,44,43,43,43,44,46,49,51,52,54,55,56,56,54,53,52,50,49,48,47,47,46
2016-02-24 03:00:00.337406,2,24,3,44,43,43,43,44,47,49,51,52,54,55,56,56,54,53,52,51,49,48,47,47,46,46
2016-02-24 04:00:01.180700,2,24,4,43,43,43,44,47,49,52,53,55,56,57,57,56,54,53,52,50,49,48,48,47,47,46
2016-02-24 05:00:00.647607,2,24,5,43,44,45,47,49,51,53,54,56,57,56,55,53,52,51,50,49,48,48,47,47,46,45
2016-02-24 06:00:00.579607,2,24,6,44,45,47,49,51,53,55,57,57,57,56,54,53,52,50,49,48,48,47,47,46,45,44
2016-02-24 07:00:00.593044,2,24,7,45,47,49,51,53,54,56,57,57,55,53,52,51,50,49,48,48,47,47,46,45,44,44
2016-02-24 08:00:01.572976,2,24,8,46,49,51,53,55,56,57,57,55,53,52,51,50,49,48,48,47,47,46,45,44,44,44
2016-02-24 09:00:00.298378,2,24,9,48,50,52,55,56,57,56,55,53,52,51,50,49,48,47,47,47,46,45,44,43,44,45
2016-02-24 10:00:01.427849,2,24,10,50,52,55,56,57,56,55,53,52,51,50,49,48,47,47,47,46,45,44,43,44,45,48
2016-02-24 11:00:00.794078,2,24,11,52,54,56,57,56,55,53,52,51,50,49,48,48,47,47,46,45,45,44,44,45,48,50
2016-02-24 12:00:01.036901,2,24,12,53,55,56,56,54,53,51,50,49,48,47,47,46,46,45,44,43,43,43,44,47,50,52
2016-02-24 13:00:01.285550,2,24,13,56,57,56,55,53,51,51,50,49,48,48,47,47,46,45,44,43,44,45,48,51,53,55
2016-02-24 14:00:00.928597,2,24,14,57,57,55,53,51,50,50,48,48,47,47,47,46,45,44,43,43,45,48,50,53,54,56
2016-02-24 15:00:00.891100,2,24,15,57,56,52,51,50,49,49,48,48,47,47,46,45,44,43,43,45,48,50,53,55,56,58
2016-02-24 16:00:00.765776,2,24,16,56,54,51,50,49,48,48,47,47,47,46,45,44,43,43,45,47,50,52,54,56,57,58
2016-02-24 17:00:00.489872,2,24,17,54,52,50,49,48,48,48,47,47,46,45,44,44,44,45,48,51,53,55,57,58,59,59
2016-02-24 18:00:04.653892,2,24,18,53,52,49,48,48,47,47,47,46,45,44,43,43,45,47,50,53,54,56,58,59,58,56
2016-02-24 19:00:00.437864,2,24,19,52,51,48,48,47,47,47,46,45,44,43,43,45,47,50,52,54,56,58,58,58,56,54
2016-02-24 20:00:00.246109,2,24,20,50,49,48,47,46,46,46,45,44,43,43,45,47,50,52,54,56,58,59,58,56,54,52
2016-02-24 21:00:01.179608,2,24,21,49,48,47,46,46,45,45,44,43,43,44,47,50,53,55,57,58,59,58,57,54,53,51
2016-02-24 22:00:00.623004,2,24,22,49,48,47,46,45,44,44,43,43,44,47,50,53,54,56,58,58,58,56,54,52,51,50
2016-02-24 23:00:00.251685,2,24,23,47,46,45,45,44,43,44,44,45,48,50,52,54,56,58,58,58,56,54,52,51,50,49
2016-02-25 00:00:00.851917,2,25,0,46,45,45,44,43,43,43,45,48,51,53,55,57,58,59,59,57,55,53,52,51,49,48
2016-02-25 01:00:00.337555,2,25,1,45,44,43,43,43,43,44,47,49,52,54,56,57,58,57,56,54,52,51,50,48,48,47
2016-02-25 02:00:00.274193,2,25,2,44,43,43,43,43,44,47,49,52,54,56,57,58,57,56,54,52,51,50,48,48,47,47
2016-02-25 03:00:00.291763,2,25,3,43,42,42,42,43,47,50,52,54,56,58,58,58,56,54,52,51,50,49,48,47,47,47
2016-02-25 04:00:00.751865,2,25,4,41,41,42,43,46,49,52,54,56,57,58,58,56,54,52,51,50,49,48,47,47,46,46
2016-02-25 05:00:00.395829,2,25,5,41,41,43,46,49,51,53,55,57,57,57,56,53,52,51,49,48,47,47,46,46,46,45
2016-02-25 06:00:00.302381,2,25,6,41,42,46,49,51,53,56,58,58,58,57,54,53,52,51,49,48,48,47,47,47,46,46
2016-02-25 07:00:00.334683,2,25,7,42,45,50,52,54,56,58,59,59,57,54,53,52,51,49,49,48,48,47,47,46,46,46
2016-02-25 08:00:01.450866,2,25,8,44,48,51,53,55,57,57,57,55,53,51,51,49,48,48,47,46,46,46,45,45,45,45
2016-02-25 09:00:00.324225,2,25,9,48,50,53,55,57,57,57,55,53,51,51,49,48,48,47,46,46,46,45,45,45,45,46
2016-02-25 10:00:00.354118,2,25,10,49,52,55,57,57,58,56,53,52,51,50,49,48,47,47,46,46,46,45,45,45,47,48
2016-02-25 11:00:00.302354,2,25,11,54,56,56,57,57,55,54,52,51,50,49,48,48,47,47,47,46,46,45,46,47,49,50
2016-02-25 12:00:00.404494,2,25,12,55,57,57,57,55,53,52,51,50,49,48,48,47,47,46,46,45,45,45,46,48,50,52
2016-02-25 13:00:00.425844,2,25,13,58,58,57,55,53,51,50,49,48,48,47,47,46,46,45,45,45,45,46,48,50,52,53
2016-02-25 14:00:00.535926,2,25,14,59,58,55,52,51,50,50,49,48,47,47,47,46,46,45,45,45,46,48,50,52,54,55
2016-02-25 15:00:00.535388,2,25,15,58,56,52,51,50,49,49,48,48,47,47,46,46,46,45,45,47,49,50,52,54,55,56
2016-02-25 16:00:00.313666,2,25,16,56,53,51,50,49,48,48,47,47,46,46,45,45,45,45,46,48,50,52,54,55,56,56
2016-02-25 17:00:00.290827,2,25,17,54,52,50,49,48,47,47,46,46,45,45,45,44,44,45,47,50,52,53,55,56,56,55
2016-02-25 18:00:00.302429,2,25,18,52,51,49,48,47,47,47,47,46,46,45,45,45,46,48,51,53,54,56,57,57,56,55
2016-02-25 19:00:00.309617,2,25,19,51,50,48,47,47,46,47,47,46,46,45,45,47,48,50,52,54,55,56,56,55,54,53
2016-02-25 20:00:00.364203,2,25,20,50,48,48,47,47,47,46,46,45,45,45,46,48,50,52,53,55,56,56,55,54,52,52
2016-02-25 21:00:02.062739,2,25,21,48,48,47,47,47,46,46,45,45,45,46,48,50,52,53,55,56,56,55,54,53,52,51
2016-02-25 22:00:00.391111,2,25,22,47,47,47,47,46,46,46,45,45,47,48,51,53,54,56,57,57,56,55,54,53,52,52
2016-02-25 23:00:00.318162,2,25,23,46,46,47,46,45,45,45,45,46,48,51,53,55,56,57,57,56,55,54,53,53,52,52
2016-02-26 00:00:00.324084,2,26,0,45,45,46,45,45,44,45,46,48,51,53,54,56,57,57,56,55,54,53,52,51,51,51
2016-02-26 01:00:00.352779,2,26,1,45,45,45,45,44,44,46,48,51,53,54,56,57,57,56,55,54,53,52,51,51,51,51
2016-02-26 02:00:00.517735,2,26,2,45,44,45,45,45,46,48,51,53,55,56,57,57,56,54,53,52,51,51,50,50,50,49
2016-02-26 03:00:00.319605,2,26,3,44,44,44,45,46,48,50,53,54,56,57,57,56,54,53,52,51,51,50,50,50,49,49
2016-02-26 04:00:00.592852,2,26,4,43,43,45,46,48,50,53,54,56,57,56,55,54,53,52,51,51,50,50,50,49,49,48
2016-02-26 05:00:00.483864,2,26,5,43,43,46,48,51,53,55,56,57,57,56,54,53,53,52,51,51,51,50,50,49,49,49
2016-02-26 06:00:00.389540,2,26,6,43,45,48,51,53,54,56,57,57,56,54,53,52,51,51,51,50,50,49,49,49,49,48
2016-02-26 07:00:00.336373,2,26,7,45,47,51,53,54,56,57,57,56,54,53,52,51,51,51,50,50,49,49,49,49,48,48
2016-02-26 08:00:00.279586,2,26,8,47,50,53,55,56,57,57,56,54,53,52,52,51,51,50,50,49,49,49,49,49,48,48
2016-02-26 09:00:00.345296,2,26,9,50,52,55,56,57,56,55,54,52,52,51,51,50,50,50,49,49,49,49,48,48,48,48
2016-02-26 10:00:00.290892,2,26,10,52,54,56,57,56,56,54,53,52,52,51,51,50,50,49,49,49,49,49,48,48,48,49
2016-02-26 11:00:01.616243,2,26,11,57,58,56,56,55,53,52,51,51,50,50,50,49,49,48,48,48,48,48,47,47,48,49
2016-02-26 12:00:00.328187,2,26,12,57,57,56,55,53,53,53,52,51,51,50,50,50,49,49,49,49,49,48,48,49,50,51
2016-02-26 13:00:00.294378,2,26,13,59,59,55,53,52,51,51,51,51,50,50,49,49,49,49,48,48,48,48,49,50,51,52
2016-02-26 14:00:00.290200,2,26,14,58,57,54,52,51,51,51,50,50,50,49,49,49,49,48,48,48,48,49,50,50,51,52
2016-02-26 15:00:00.532438,2,26,15,57,55,52,51,51,50,50,49,49,49,48,48,48,48,47,47,47,48,49,50,51,52,53
2016-02-26 16:00:00.359058,2,26,16,55,54,51,51,50,50,50,50,49,49,49,48,48,48,48,48,49,50,50,51,52,53,54
2016-02-26 17:00:00.282415,2,26,17,52,52,51,50,50,49,49,49,48,48,48,47,47,47,47,48,49,50,51,52,53,54,53
2016-02-26 18:00:00.411639,2,26,18,50,50,50,50,49,49,49,49,49,48,48,48,48,48,49,50,50,52,53,54,54,54,53
2016-02-26 19:00:00.355641,2,26,19,49,49,50,49,49,48,49,49,48,48,48,48,48,49,50,51,52,53,53,54,54,53,51
2016-02-26 20:00:00.307069,2,26,20,49,48,49,49,48,48,49,48,48,48,48,48,49,50,50,52,53,54,54,54,53,51,50
2016-02-26 21:00:00.935997,2,26,21,48,48,49,48,48,48,48,48,47,47,47,49,49,50,51,52,53,54,53,52,51,50,49
2016-02-26 22:00:00.254464,2,26,22,48,48,48,48,48,48,48,48,48,48,49,49,50,51,53,53,54,54,52,50,49,49,49
2016-02-26 23:00:00.310179,2,26,23,48,48,48,48,48,47,47,47,47,48,49,50,51,52,53,54,53,52,50,50,49,48,48
2016-02-27 00:00:00.315266,2,27,0,48,48,48,48,47,47,48,48,49,50,51,52,53,54,54,54,53,51,50,50,49,49,48
2016-02-27 01:00:00.263817,2,27,1,48,48,48,48,48,47,48,49,50,50,51,52,53,54,54,52,51,50,50,49,49,48,48
2016-02-27 02:00:00.331985,2,27,2,48,48,47,47,47,48,50,51,51,52,53,54,55,54,53,51,51,50,49,49,49,48,48
2016-02-27 03:00:00.364946,2,27,3,48,47,47,47,48,49,51,51,52,53,54,55,54,53,51,51,50,49,49,49,48,48,48
2016-02-27 04:00:00.725837,2,27,4,47,47,47,48,49,50,52,53,54,55,55,55,53,52,51,50,50,49,48,48,47,48,47
2016-02-27 05:00:00.397445,2,27,5,47,47,48,49,50,51,52,53,54,55,54,53,51,50,50,49,49,49,48,48,48,48,48
2016-02-27 06:00:00.301981,2,27,6,47,48,49,50,51,52,53,54,55,54,53,51,50,50,49,49,48,48,47,47,47,47,47
2016-02-27 07:00:00.412134,2,27,7,47,49,50,51,52,53,54,55,54,53,51,50,50,49,49,48,48,48,48,48,47,48,48
2016-02-27 08:00:00.360530,2,27,8,49,50,51,52,53,54,55,54,53,51,50,50,49,49,49,48,48,48,48,48,48,48,48
2016-02-27 09:00:00.548817,2,27,9,50,51,52,53,54,54,54,52,51,50,50,49,49,48,48,48,48,48,47,48,48,48,48
2016-02-27 10:00:00.257562,2,27,10,50,51,53,54,54,54,52,50,49,48,48,48,47,47,47,46,47,47,47,47,47,47,49
2016-02-27 11:00:00.727265,2,27,11,51,52,54,54,54,52,51,50,49,49,48,48,47,47,47,47,47,47,47,47,48,49,50
2016-02-27 12:00:00.399871,2,27,12,52,53,54,54,52,51,51,50,50,49,49,48,48,48,48,48,48,48,48,48,50,51,52
2016-02-27 13:00:00.280795,2,27,13,52,53,54,52,51,50,50,50,49,48,48,47,47,47,47,47,47,47,48,49,50,51,51
2016-02-27 14:00:00.262500,2,27,14,53,53,52,51,50,49,50,49,49,48,48,48,48,48,48,48,48,49,50,51,51,51,51
2016-02-27 15:00:00.350541,2,27,15,54,53,51,50,49,49,48,48,47,47,47,47,47,47,47,47,48,49,50,50,50,50,49
2016-02-27 16:00:00.347413,2,27,16,53,51,50,49,49,48,49,48,48,48,48,48,48,48,48,49,50,51,51,51,51,51,50
2016-02-27 17:00:01.136124,2,27,17,52,51,49,49,48,48,48,48,48,48,48,48,48,48,48,50,51,51,51,50,50,50,50
2016-02-27 18:00:00.748756,2,27,18,52,51,49,48,48,48,48,48,48,48,48,48,48,48,50,50,50,50,50,50,50,50,49
2016-02-27 19:00:00.242548,2,27,19,50,49,48,48,47,47,48,48,48,48,47,47,48,49,50,50,50,50,50,50,50,48,47
2016-02-27 20:00:00.279882,2,27,20,48,48,48,48,47,47,48,48,47,47,47,48,49,50,50,50,50,50,50,50,49,47,47
2016-02-27 21:00:00.695090,2,27,21,48,48,48,47,47,47,48,48,48,48,48,50,51,51,51,51,51,50,50,49,48,47,47
2016-02-27 22:00:00.612977,2,27,22,47,46,47,47,47,47,47,47,47,47,48,49,49,49,50,50,49,49,48,47,46,45,45
2016-02-27 23:00:00.321884,2,27,23,47,46,47,47,47,47,47,47,48,49,50,50,50,51,50,50,50,49,48,47,46,46,46
2016-02-28 00:00:00.275024,2,28,0,47,47,47,47,47,47,47,48,49,50,50,50,51,50,50,50,49,48,47,46,46,46,45
2016-02-28 01:00:00.368027,2,28,1,46,46,47,47,47,47,47,49,50,50,50,50,50,49,49,48,47,46,45,45,45,44,44
2016-02-28 02:00:05.271527,2,28,2,46,46,46,47,47,47,49,50,50,50,50,50,50,49,49,47,47,46,46,45,45,44,44
2016-02-28 03:00:00.385502,2,28,3,46,46,47,47,47,49,50,51,51,51,50,50,50,49,48,47,47,46,46,45,45,44,44
2016-02-28 04:00:00.830663,2,28,4,46,46,47,47,49,49,50,50,50,50,49,49,48,47,46,46,45,45,45,44,44,43,43
2016-02-28 05:00:00.293640,2,28,5,46,47,47,48,49,49,50,50,50,50,50,49,47,47,46,46,45,45,45,44,43,43,43
2016-02-28 06:00:00.318855,2,28,6,47,47,48,49,49,50,51,51,50,50,49,48,47,47,46,46,45,45,44,44,43,43,42
2016-02-28 08:00:00.414542,2,28,8,49,50,50,50,50,50,49,49,48,47,46,46,45,45,44,44,43,43,42,42,42,41,41
2016-02-28 09:00:00.278385,2,28,9,49,50,50,50,50,49,50,49,48,47,47,46,46,45,45,44,44,43,43,42,42,42,43
2016-02-28 10:00:00.327245,2,28,10,49,49,50,50,49,49,49,47,46,46,46,45,45,45,44,43,43,43,43,42,42,43,45
2016-02-28 11:00:00.324514,2,28,11,50,50,50,50,49,48,48,47,47,46,46,45,45,44,44,43,43,43,43,43,43,46,48
2016-02-28 12:00:00.227281,2,28,12,51,51,50,49,48,47,47,47,46,46,46,45,44,44,44,43,43,43,43,44,46,48,49
2016-02-28 13:00:00.280035,2,28,13,50,50,49,48,47,46,46,45,45,45,44,44,43,43,43,42,42,42,43,46,47,49,50
2016-02-28 14:00:00.318615,2,28,14,47,47,48,47,46,46,45,45,44,44,43,43,42,42,42,42,42,43,45,47,48,49,51
2016-02-28 15:00:00.329716,2,28,15,47,47,47,46,46,45,46,45,45,44,43,43,43,43,42,43,44,46,48,49,50,52,53
2016-02-28 16:00:00.299828,2,28,16,47,46,46,46,45,45,44,44,43,43,42,42,42,42,42,43,45,47,48,49,51,52,52
2016-02-28 17:00:00.194929,2,28,17,46,45,46,45,45,44,45,44,43,43,43,43,43,43,44,46,48,49,50,51,52,53,53
2016-02-28 18:00:00.258494,2,28,18,44,44,45,45,44,44,44,44,43,43,43,43,43,44,46,48,49,51,52,53,54,54,52
2016-02-28 19:00:00.273447,2,28,19,44,43,44,44,43,43,43,43,43,43,43,43,43,46,47,49,50,51,53,53,53,52,50
2016-02-28 20:00:00.269747,2,28,20,44,44,44,44,43,43,43,44,43,43,43,44,46,47,49,50,52,53,53,53,52,50,49
2016-02-28 21:00:00.893325,2,28,21,43,43,43,43,43,42,43,43,43,43,43,45,47,48,49,51,52,52,52,51,49,48,48
2016-02-28 22:00:00.293628,2,28,22,43,43,43,42,42,42,43,43,43,43,45,47,48,50,51,52,53,53,51,49,48,47,47
2016-02-28 23:00:00.276170,2,28,23,43,43,42,42,43,43,43,43,43,45,46,48,49,51,52,52,52,51,49,48,48,47,47
2016-02-29 00:00:00.294736,2,29,0,42,42,42,43,43,42,42,43,44,46,47,49,50,51,52,52,50,49,48,47,47,46,46
2016-02-29 01:00:00.346315,2,29,1,42,42,43,43,42,42,42,44,46,47,49,50,51,52,52,50,49,48,47,47,46,46,45
2016-02-29 02:00:00.836767,2,29,2,43,43,43,42,42,43,45,46,48,49,51,52,52,52,51,50,49,48,47,47,47,46,46
2016-02-29 03:00:00.294104,2,29,3,43,43,42,42,43,44,46,47,49,50,51,52,52,51,49,48,48,47,46,46,45,45,45
2016-02-29 04:00:01.886169,2,29,4,43,42,42,43,44,46,48,49,51,52,53,52,51,50,49,48,48,47,47,46,46,45,46
2016-02-29 05:00:00.610418,2,29,5,43,43,43,44,46,47,49,50,52,52,52,51,50,49,48,48,47,47,46,46,45,45,46
2016-02-29 06:00:00.350096,2,29,6,43,43,44,46,47,48,51,52,53,52,51,50,49,48,48,47,47,46,46,45,46,46,46
2016-02-29 07:00:00.358896,2,29,7,44,45,47,47,48,50,52,52,52,51,49,49,48,47,47,46,46,45,45,45,46,46,47
2016-02-29 08:00:00.344382,2,29,8,45,46,47,49,50,51,53,53,52,50,49,49,48,47,47,46,46,46,46,46,47,47,48
2016-02-29 09:00:00.472926,2,29,9,45,46,48,50,51,52,52,51,49,48,48,47,46,46,46,45,45,45,45,46,46,47,48
2016-02-29 10:00:00.307263,2,29,10,47,49,50,51,52,52,52,50,49,49,48,47,46,46,46,45,46,46,46,47,47,49,51
2016-02-29 11:00:00.367787,2,29,11,49,50,52,52,52,51,50,49,48,48,47,46,46,45,45,45,46,46,47,47,48,50,52
2016-02-29 12:00:00.300861,2,29,12,51,53,52,52,51,49,50,49,48,48,47,46,46,46,46,46,47,47,48,49,51,52,54
2016-02-29 13:00:00.367889,2,29,13,53,53,52,51,49,49,48,48,47,47,46,46,45,45,46,46,47,47,48,50,52,53,53
2016-02-29 14:00:00.343932,2,29,14,53,53,51,50,49,48,49,48,47,47,46,46,46,46,47,47,48,49,51,53,54,54,54
2016-02-29 15:00:00.349977,2,29,15,52,51,50,49,48,48,48,47,47,46,46,46,46,47,47,48,49,51,53,54,54,55,55
2016-02-29 16:00:00.318145,2,29,16,51,49,49,48,48,47,47,47,47,46,46,46,47,47,48,49,51,52,54,54,54,54,54
2016-02-29 17:00:00.285555,2,29,17,49,49,48,48,47,46,46,46,46,45,46,46,47,47,48,50,52,53,53,53,53,54,53
2016-02-29 18:00:00.978909,2,29,18,48,48,48,47,46,46,46,46,45,46,46,47,47,48,50,52,53,53,53,53,53,53,51
2016-02-29 19:00:01.749106,2,29,19,48,48,47,46,46,45,46,45,46,46,47,47,48,50,52,53,53,54,54,54,53,51,50
2016-02-29 20:00:01.255178,2,29,20,48,47,46,46,45,45,45,45,45,46,47,48,50,51,52,52,53,53,53,52,51,49,48
2016-02-29 21:00:00.414924,2,29,21,46,46,46,45,45,45,46,46,47,47,48,50,52,53,53,54,54,53,53,51,50,49,48
2016-02-29 22:00:00.398925,2,29,22,46,46,45,45,44,45,46,47,47,48,50,52,53,53,53,54,53,53,51,49,48,47,47
2016-02-29 23:00:00.364580,2,29,23,46,46,45,45,45,46,46,47,48,50,51,52,52,53,53,53,52,51,49,48,47,47,46
