2016-02-01 00:00:01.225488,2,1,0,100,100,100,94,89,89,85,87,87,89,81,84,85,80,65,66,76,79,78,76,75,69,71
2016-02-01 01:00:00.233001,2,1,1,100,98,93,88,89,88,90,89,93,87,87,88,82,68,69,77,80,80,77,76,71,71,67
2016-02-01 02:00:00.368662,2,1,2,96,95,92,90,88,90,92,94,93,91,87,83,77,76,80,81,80,80,78,78,76,73,71
2016-02-01 03:00:00.396083,2,1,3,95,93,90,88,90,92,93,92,91,89,83,77,77,80,80,79,79,78,78,75,72,70,72
2016-02-01 04:00:03.179885,2,1,4,96,93,88,90,92,94,93,91,87,83,77,76,80,80,80,79,78,77,76,73,71,73,73
2016-02-01 05:00:00.603033,2,1,5,95,97,97,92,91,87,85,90,82,71,65,79,82,83,83,78,77,76,75,77,82,77,86
2016-02-01 06:00:00.334479,2,1,6,100,100,100,91,87,86,90,83,72,67,79,82,83,84,78,78,77,75,76,82,78,86,87
2016-02-01 07:00:00.347761,2,1,7,96,96,92,88,86,91,84,74,68,79,81,81,82,78,78,76,75,75,80,77,84,85,82
2016-02-01 08:00:00.273549,2,1,8,87,91,86,90,91,86,77,75,79,75,72,67,78,69,79,75,76,76,83,84,83,85,85
2016-02-01 09:00:00.348832,2,1,9,90,87,89,94,90,83,75,79,75,72,67,78,69,79,75,76,76,83,84,83,85,85,75
2016-02-01 10:00:00.500843,2,1,10,97,97,94,90,83,74,79,76,68,69,79,69,79,75,75,77,83,84,83,85,85,74,65
2016-02-01 11:00:00.413268,2,1,11,83,84,86,76,71,78,78,74,63,77,72,82,79,76,80,84,81,79,78,76,70,60,42
2016-02-01 12:00:00.340765,2,1,12,88,85,76,71,77,77,75,61,72,67,80,81,83,88,91,89,84,75,69,64,54,41,43
2016-02-01 13:00:00.470638,2,1,13,87,80,83,84,77,79,73,73,65,80,82,83,87,89,88,83,74,68,63,56,39,41,24
2016-02-01 14:00:00.434546,2,1,14,82,83,84,87,84,85,74,73,79,83,82,86,89,91,89,80,66,66,53,44,33,20,17
2016-02-01 15:00:04.204971,2,1,15,96,97,98,89,85,75,73,79,84,81,86,89,91,88,81,66,66,53,44,32,21,18,6
2016-02-01 16:00:00.254174,2,1,16,95,94,88,85,74,73,78,82,81,85,88,90,89,81,68,69,58,50,36,22,18,7,7
2016-02-01 17:00:00.968695,2,1,17,85,85,85,80,78,81,83,85,87,90,91,88,82,77,74,65,55,35,24,21,13,15,17
2016-02-01 18:00:00.296822,2,1,18,96,92,79,76,80,80,81,82,87,89,88,82,75,70,63,47,36,22,18,10,10,19,18
2016-02-01 19:00:00.525293,2,1,19,97,89,88,80,82,85,85,89,89,88,81,75,72,64,48,34,22,17,10,10,21,20,24
2016-02-01 20:00:00.268558,2,1,20,89,88,80,82,85,86,86,86,83,72,67,60,59,56,51,32,31,27,29,28,35,41,46
2016-02-01 21:00:01.595383,2,1,21,97,92,94,85,86,86,84,81,72,66,63,59,59,49,29,31,29,28,26,38,44,48,44
2016-02-01 22:00:01.243557,2,1,22,93,94,95,86,86,85,81,68,62,56,58,57,55,41,41,37,36,34,44,55,64,55,78
2016-02-01 23:00:00.369713,2,1,23,82,85,86,86,83,79,69,64,63,63,59,54,41,34,35,31,27,38,49,60,55,78,83
2016-02-02 00:00:00.634758,2,2,0,90,90,89,83,79,65,63,67,71,70,60,39,31,34,29,28,40,51,61,52,68,71,74
2016-02-02 01:00:00.318591,2,2,1,70,71,86,79,68,66,68,73,70,60,42,33,35,29,26,38,50,60,52,67,72,76,72
2016-02-02 02:00:00.501773,2,2,2,62,64,64,70,59,53,57,67,45,37,26,27,24,32,38,57,68,63,70,73,78,83,88
2016-02-02 03:00:00.405094,2,2,3,79,77,70,59,53,56,67,44,37,25,26,25,31,39,57,68,64,71,74,78,83,88,89
2016-02-02 04:00:00.939231,2,2,4,78,66,59,53,56,64,43,36,26,26,25,31,39,59,70,65,72,75,79,83,88,89,84
2016-02-02 05:00:00.822783,2,2,5,83,76,56,51,58,39,31,22,19,18,31,43,63,75,72,79,79,81,84,89,89,86,83
2016-02-02 06:00:00.341892,2,2,6,79,59,51,58,39,29,22,19,18,31,43,63,75,72,79,79,81,84,89,89,86,83,93
2016-02-02 07:00:00.442287,2,2,7,49,44,53,40,33,26,21,20,31,44,65,76,74,80,79,81,84,89,89,85,87,94,92
2016-02-02 08:00:00.459218,2,2,8,43,42,30,29,24,24,12,24,38,63,74,78,75,79,83,86,89,91,92,93,92,93,93
2016-02-02 09:00:00.404557,2,2,9,41,30,29,24,24,12,24,40,63,74,77,76,79,83,86,89,91,92,93,92,93,94,95
2016-02-02 10:00:00.565032,2,2,10,47,39,24,24,12,30,39,62,73,77,76,79,83,86,89,91,92,93,92,93,94,95,97
2016-02-02 11:00:00.286157,2,2,11,68,58,29,20,30,34,49,54,56,55,61,63,65,68,73,78,82,86,91,94,95,96,97
2016-02-02 12:00:00.438935,2,2,12,50,50,34,30,36,53,54,55,56,59,58,57,58,66,74,80,85,91,94,96,98,98,100
2016-02-02 13:00:00.526843,2,2,13,54,38,30,35,50,52,54,52,58,57,56,58,66,75,80,86,92,95,96,99,97,100,100
2016-02-02 14:00:12.943066,2,2,14,57,57,57,40,52,45,49,46,58,56,58,66,74,72,83,90,94,98,99,99,100,100,100
2016-02-02 15:00:02.405095,2,2,15,57,57,40,52,45,50,44,57,56,58,66,75,74,83,90,94,98,99,99,100,100,100,100
2016-02-02 16:00:00.314939,2,2,16,30,30,37,34,38,34,54,62,68,75,81,78,87,92,94,98,99,99,100,100,100,100,100
2016-02-02 17:00:00.287912,2,2,17,50,53,34,38,34,54,62,68,75,83,82,87,89,97,98,99,99,100,100,100,100,100,100
2016-02-02 18:00:00.411541,2,2,18,75,68,59,41,60,67,72,79,86,82,85,87,97,98,99,99,100,100,100,100,100,100,100
2016-02-02 19:00:00.315666,2,2,19,71,70,63,60,67,72,79,84,81,82,84,97,98,98,100,100,100,100,100,100,100,100,100
2016-02-02 20:00:00.497814,2,2,20,88,59,51,64,71,80,84,89,87,91,97,97,99,100,100,100,100,100,100,100,100,100,100
2016-02-02 21:00:01.607255,2,2,21,100,89,95,71,80,84,89,87,90,97,97,98,100,100,100,100,100,100,100,100,100,100,86
2016-02-02 22:00:01.492167,2,2,22,100,95,71,80,84,89,87,90,97,97,98,100,100,100,100,100,100,100,100,100,100,86,85
2016-02-02 23:00:00.281185,2,2,23,100,100,85,89,91,90,91,94,94,97,99,99,100,100,100,100,100,100,100,100,92,84,91
2016-02-03 00:00:00.275238,2,3,0,100,100,89,91,90,90,94,94,97,99,99,100,100,100,100,100,100,100,100,92,80,82,84
2016-02-03 01:00:00.315697,2,3,1,100,100,90,87,90,94,95,98,99,99,100,100,100,100,100,100,100,100,92,79,82,83,89
2016-02-03 02:00:00.345024,2,3,2,89,84,94,89,94,95,98,99,99,100,100,100,100,100,100,100,100,95,67,65,81,89,88
2016-02-03 03:00:00.358296,2,3,3,84,94,89,94,95,98,99,99,100,100,100,100,100,100,100,100,95,67,64,81,88,88,79
2016-02-03 04:00:02.129363,2,3,4,100,100,94,95,98,99,99,100,100,100,100,100,100,100,100,95,65,66,80,89,88,80,70
2016-02-03 05:00:04.878612,2,3,5,100,100,95,98,99,99,100,100,100,100,100,100,100,100,95,66,66,81,92,93,84,75,75
2016-02-03 06:00:00.338694,2,3,6,100,100,98,99,99,100,100,100,100,100,100,100,100,97,70,64,86,92,93,75,68,69,70
2016-02-03 07:00:01.667688,2,3,7,100,100,99,99,100,100,100,100,100,100,100,100,97,67,61,83,91,93,80,66,67,68,61
2016-02-03 08:00:00.325749,2,3,8,99,99,99,100,100,100,100,100,100,100,100,96,87,79,88,91,93,85,60,78,70,83,91
2016-02-03 09:00:00.362538,2,3,9,100,100,100,100,100,100,100,100,100,100,96,87,79,85,92,94,85,62,79,71,84,91,95
2016-02-03 10:00:00.391770,2,3,10,100,100,100,100,100,100,100,100,100,96,87,79,85,92,94,85,62,79,71,84,91,95,95
2016-02-03 11:00:00.347286,2,3,11,100,100,100,100,100,100,100,100,96,87,79,85,89,90,82,60,77,68,78,84,89,91,93
2016-02-03 12:00:00.318813,2,3,12,100,100,100,100,100,100,100,97,92,89,93,90,91,88,70,72,73,72,85,91,92,94,95
2016-02-03 13:00:00.371387,2,3,13,100,100,100,100,100,100,97,93,88,92,91,91,87,68,70,72,71,85,90,91,93,95,97
2016-02-03 14:00:00.373852,2,3,14,100,100,100,100,100,90,84,95,91,92,84,77,75,71,66,70,84,89,91,92,94,97,98
2016-02-03 15:00:01.169116,2,3,15,100,100,100,100,90,85,95,91,93,86,78,77,72,67,70,83,90,91,92,95,97,98,99
2016-02-03 16:00:00.272644,2,3,16,100,100,100,90,86,95,91,93,86,79,76,72,67,71,83,90,91,92,95,97,98,99,98
2016-02-03 17:00:00.309004,2,3,17,100,100,98,83,94,90,91,89,80,76,75,71,74,84,91,92,93,95,98,99,99,98,98
2016-02-03 18:00:00.390401,2,3,18,100,100,83,94,90,91,89,80,76,75,71,74,84,91,92,93,95,98,99,99,98,98,98
2016-02-03 19:00:00.275573,2,3,19,98,79,93,89,100,100,80,74,76,68,72,84,92,94,95,96,98,99,99,99,99,99,99
2016-02-03 20:00:00.467567,2,3,20,89,91,100,100,92,83,65,73,78,79,75,90,93,95,96,98,100,99,98,99,99,99,99
2016-02-03 21:00:01.355330,2,3,21,86,100,100,92,83,65,74,79,78,73,90,93,95,96,98,100,99,98,99,99,99,99,98
2016-02-03 22:00:00.448317,2,3,22,84,86,86,84,65,72,78,77,73,90,93,94,96,98,100,99,99,99,99,99,100,99,98
2016-02-03 23:00:00.261789,2,3,23,100,100,79,60,71,71,74,71,88,93,94,96,98,100,99,98,97,99,99,100,99,97,94
2016-02-04 00:00:00.976529,2,4,0,100,90,56,71,71,75,72,89,93,94,96,98,100,99,98,97,99,100,100,99,96,94,92
2016-02-04 01:00:00.425982,2,4,1,100,60,68,70,75,80,89,93,94,96,98,100,100,98,97,99,100,100,99,99,97,94,94
2016-02-04 02:00:00.290111,2,4,2,63,65,60,70,80,86,92,94,94,98,99,100,99,97,99,98,98,99,98,98,95,96,96
2016-02-04 03:00:00.376581,2,4,3,100,100,70,80,86,93,94,94,98,99,100,99,97,99,98,98,99,97,97,94,95,94,89
2016-02-04 04:00:02.013574,2,4,4,70,78,71,81,89,91,93,97,99,100,99,99,98,98,97,99,96,97,95,95,95,90,86
2016-02-04 05:00:00.567837,2,4,5,73,83,91,88,90,94,97,100,100,100,98,98,98,98,97,95,97,95,94,95,90,87,87
2016-02-04 06:00:00.283887,2,4,6,88,95,99,90,94,100,100,100,100,98,99,98,99,97,94,96,94,94,94,89,86,87,75
2016-02-04 07:00:00.472582,2,4,7,85,92,93,94,100,100,100,100,98,99,96,99,97,95,96,94,95,95,91,87,86,75,72
2016-02-04 08:00:00.269829,2,4,8,90,93,94,100,100,99,98,100,100,98,99,99,97,96,95,95,96,90,86,85,74,69,91
2016-02-04 09:00:00.294647,2,4,9,95,95,100,100,99,98,100,100,98,99,99,97,96,95,95,96,90,86,85,74,69,91,98
2016-02-04 10:00:00.275232,2,4,10,99,100,100,99,98,98,99,98,98,99,97,97,96,97,97,92,87,86,75,68,90,96,98
2016-02-04 12:52:46.876459,2,4,12,100,100,99,96,97,98,99,99,96,93,94,97,97,96,93,91,88,79,86,93,97,99,100
2016-02-04 13:00:00.229322,2,4,13,100,98,97,97,97,99,99,95,93,94,97,98,95,92,91,88,80,86,93,97,99,100,100
2016-02-04 14:00:00.342813,2,4,14,100,99,98,97,99,99,95,93,94,97,98,95,92,91,88,80,86,93,97,99,100,100,100
2016-02-04 15:00:00.862410,2,4,15,98,98,100,99,99,95,92,92,94,97,96,92,88,88,88,87,92,97,99,99,100,100,100
2016-02-04 16:00:00.590750,2,4,16,100,99,99,99,95,92,93,94,97,96,93,88,88,88,87,92,97,99,99,100,100,100,100
2016-02-04 17:00:00.361079,2,4,17,99,100,99,96,92,93,96,96,95,91,90,86,86,92,94,97,99,99,99,99,100,100,100
2016-02-04 18:00:00.323516,2,4,18,100,99,96,92,93,96,96,95,91,90,86,86,92,94,97,99,99,99,99,100,100,100,100
2016-02-04 19:00:00.300791,2,4,19,100,96,94,93,96,96,95,91,90,86,85,94,95,98,99,99,99,99,100,100,100,100,100
2016-02-04 20:00:00.487611,2,4,20,97,94,93,96,96,94,91,90,86,85,94,95,98,99,99,99,99,100,100,100,100,100,100
2016-02-04 21:00:01.368201,2,4,21,84,85,90,96,94,92,90,88,88,93,93,97,99,93,98,99,100,100,100,100,100,99,83
2016-02-04 22:00:00.401069,2,4,22,87,92,96,94,92,90,88,88,93,93,97,99,93,98,99,100,100,100,100,100,99,83,78
2016-02-04 23:00:00.331921,2,4,23,91,93,94,92,89,88,87,92,93,97,98,92,96,97,96,100,100,100,100,99,84,80,56
2016-02-05 00:00:00.313375,2,5,0,78,80,92,89,88,85,89,93,97,98,93,91,89,94,100,100,100,100,98,94,78,60,45
2016-02-05 01:00:00.308132,2,5,1,45,53,93,93,90,90,92,94,95,86,87,88,91,96,100,100,100,89,83,74,61,46,48
2016-02-05 02:00:00.303977,2,5,2,45,50,92,91,90,90,94,95,86,87,88,91,96,100,100,100,89,83,74,61,46,48,41
2016-02-05 03:00:00.412980,2,5,3,80,80,91,90,90,91,85,83,85,83,85,95,96,100,100,90,84,69,59,52,52,42,35
2016-02-05 04:00:00.977639,2,5,4,71,80,90,90,91,84,82,85,82,85,95,96,100,100,90,84,67,57,51,52,41,34,33
2016-02-05 05:00:00.412078,2,5,5,72,80,89,89,84,80,86,80,88,93,98,100,100,90,84,69,61,51,52,45,34,33,59
2016-02-05 06:00:00.514448,2,5,6,60,62,85,84,80,86,78,88,93,98,100,100,88,83,66,61,49,53,44,33,31,59,51
2016-02-05 07:00:00.896416,2,5,7,63,65,84,80,86,80,88,93,98,100,100,89,84,70,63,51,54,46,35,33,60,53,40
2016-02-05 08:00:00.377203,2,5,8,56,60,80,86,80,86,93,98,100,100,88,83,68,64,50,53,45,35,32,61,50,40,59
2016-02-05 09:00:00.313401,2,5,9,79,80,87,92,80,97,98,100,100,86,83,52,50,45,56,49,41,55,51,54,53,58,59
2016-02-05 10:00:00.506098,2,5,10,73,80,92,80,97,100,100,100,85,83,52,50,45,57,51,42,54,50,54,53,59,60,53
2016-02-05 11:00:00.322562,2,5,11,73,68,80,100,100,100,100,87,85,54,54,50,65,56,51,65,57,60,61,66,67,64,68
2016-02-05 12:00:00.422684,2,5,12,51,51,91,100,100,100,89,83,49,50,42,69,55,52,62,59,61,55,60,62,60,66,72
2016-02-05 13:00:00.421128,2,5,13,80,91,98,100,100,100,87,54,57,43,71,55,54,67,60,60,56,65,69,63,72,79,79
2016-02-05 14:00:00.401347,2,5,14,89,99,100,100,100,83,55,60,42,70,53,59,70,64,62,57,66,69,60,73,79,80,83
2016-02-05 15:00:00.492542,2,5,15,100,100,100,100,83,63,66,48,71,48,68,65,57,61,65,66,69,63,71,79,80,82,79
2016-02-05 16:00:00.313024,2,5,16,100,100,100,79,61,65,47,71,47,68,64,56,59,65,66,69,66,71,79,80,82,79,68
2016-02-05 17:00:00.376873,2,5,17,100,100,100,55,59,46,72,48,69,68,61,64,66,66,68,65,74,80,80,82,81,72,69
2016-02-05 18:00:00.360896,2,5,18,100,100,100,55,60,73,56,63,67,61,65,71,75,76,71,77,85,87,86,84,75,73,52
2016-02-05 19:00:00.451681,2,5,19,59,50,53,60,74,57,62,65,63,63,69,74,75,77,81,86,85,87,83,73,72,53,37
2016-02-05 20:00:00.257764,2,5,20,97,85,79,64,62,75,63,66,75,75,73,74,74,77,73,81,86,72,66,68,54,27,40
2016-02-05 21:00:00.494944,2,5,21,85,79,64,62,75,63,66,75,75,73,74,74,77,73,81,86,72,66,68,54,27,40,39
2016-02-05 22:00:00.278112,2,5,22,75,70,50,59,50,55,67,72,72,74,77,77,75,80,88,76,65,64,53,28,40,39,51
2016-02-05 23:00:00.279113,2,5,23,72,64,59,49,50,62,64,72,68,71,83,74,79,89,75,71,70,56,29,41,41,52,53
2016-02-06 00:00:00.250101,2,6,0,40,55,52,53,66,70,79,76,80,83,74,79,89,76,72,71,66,43,52,50,57,56,63
2016-02-06 01:00:00.310045,2,6,1,53,37,52,66,70,78,73,78,85,75,80,90,76,75,73,67,45,52,49,57,56,64,56
2016-02-06 02:00:00.276435,2,6,2,50,50,50,75,81,82,85,82,82,78,88,80,74,70,64,45,56,48,54,53,66,55,62
2016-02-06 03:00:00.391953,2,6,3,100,59,75,81,82,85,83,84,80,87,80,76,71,64,58,49,44,52,51,61,54,62,73
2016-02-06 04:00:00.739141,2,6,4,40,71,81,82,85,83,84,79,87,80,76,71,64,58,49,44,52,50,62,54,61,71,75
2016-02-06 05:00:00.381589,2,6,5,96,94,98,80,82,85,84,87,81,78,73,69,62,54,47,56,51,59,54,60,70,79,75
2016-02-06 06:00:01.171084,2,6,6,97,100,80,82,85,83,86,81,79,72,69,62,55,48,56,50,60,55,61,71,78,75,70
2016-02-06 07:00:00.336727,2,6,7,60,67,82,85,83,86,81,78,73,69,62,54,48,56,51,59,55,62,73,78,76,70,84
2016-02-06 08:00:01.202289,2,6,8,80,78,80,84,84,84,78,71,63,57,56,46,52,59,55,62,75,82,85,85,82,81,81
2016-02-06 09:00:00.316546,2,6,9,77,80,86,84,84,78,71,63,57,56,46,52,59,54,62,74,81,85,85,82,81,80,86
2016-02-06 10:00:00.280450,2,6,10,80,83,84,84,78,71,63,57,56,46,52,59,54,62,74,81,85,85,82,81,80,86,88
2016-02-06 11:00:00.267971,2,6,11,97,90,85,79,70,65,61,56,46,48,58,53,58,73,78,83,85,79,77,76,79,84,85
2016-02-06 12:00:00.413348,2,6,12,76,79,76,71,59,52,46,36,41,54,45,51,74,75,74,73,70,74,75,79,82,81,80
2016-02-06 13:00:00.295671,2,6,13,79,75,71,59,52,46,37,42,53,45,50,73,74,73,71,69,72,75,78,82,80,79,79
2016-02-06 14:00:00.281804,2,6,14,81,75,59,54,49,47,46,53,55,47,59,76,75,68,73,75,79,78,84,84,83,80,78
2016-02-06 15:00:03.378328,2,6,15,77,66,54,49,47,45,53,54,47,59,76,74,68,74,75,79,78,84,84,83,79,78,80
2016-02-06 16:00:00.265615,2,6,16,77,59,49,47,45,53,55,47,59,76,75,68,73,75,79,78,84,84,83,80,78,80,79
2016-02-06 17:00:00.283741,2,6,17,75,69,59,49,56,58,48,58,75,69,57,66,73,75,80,81,83,83,77,78,76,73,70
2016-02-06 18:00:00.320060,2,6,18,68,59,49,56,58,48,58,75,69,57,65,73,75,80,81,84,83,78,78,76,73,71,58
2016-02-06 19:00:00.291810,2,6,19,45,50,57,59,52,61,77,72,58,66,76,78,82,83,85,83,79,81,78,75,73,69,63
2016-02-06 20:00:00.287075,2,6,20,32,38,59,54,61,63,73,73,73,79,82,84,86,87,84,83,80,81,77,78,71,68,66
2016-02-06 21:00:02.657329,2,6,21,20,41,36,61,63,73,73,73,79,82,84,86,87,84,83,80,81,77,78,71,68,66,58
2016-02-06 22:00:00.293242,2,6,22,41,35,61,63,73,73,73,79,82,84,86,87,84,83,79,80,77,78,71,68,66,54,47
2016-02-06 23:00:00.276095,2,6,23,7,20,30,70,70,72,77,79,82,85,85,82,77,74,76,78,78,72,67,65,56,45,43
2016-02-07 00:00:01.062373,2,7,0,20,30,70,70,72,77,79,82,85,84,81,77,74,76,78,78,72,67,65,55,45,43,48
2016-02-07 01:00:00.251661,2,7,1,60,70,73,77,76,76,78,77,77,73,71,75,82,88,91,83,72,65,59,45,42,44,44
2016-02-07 02:00:00.478417,2,7,2,54,61,66,76,76,75,77,71,71,68,73,81,83,80,79,70,65,45,52,52,54,52,46
2016-02-07 03:00:00.433908,2,7,3,63,67,76,76,75,76,73,71,70,69,78,80,79,76,69,63,47,52,49,53,51,44,47
2016-02-07 04:00:01.288526,2,7,4,66,76,76,75,76,73,71,68,73,81,83,80,79,70,65,45,52,52,54,52,46,50,52
2016-02-07 05:00:00.627608,2,7,5,67,74,73,74,71,62,58,64,73,71,69,68,63,56,43,49,49,50,45,37,41,47,42
2016-02-07 06:00:00.684867,2,7,6,31,36,43,71,62,60,64,72,72,68,70,63,56,42,50,49,51,45,36,41,47,40,41
2016-02-07 07:00:00.205603,2,7,7,60,63,71,62,60,64,71,69,67,67,62,54,42,48,48,50,45,36,40,47,41,41,46
2016-02-07 08:00:00.252243,2,7,8,82,79,64,68,66,70,66,65,63,57,53,50,41,39,45,51,48,51,55,56,47,46,45
2016-02-07 09:00:00.262648,2,7,9,98,84,85,66,70,67,65,63,58,54,51,40,39,44,50,46,51,53,55,46,46,45,46
2016-02-07 10:00:00.301755,2,7,10,83,79,66,70,67,65,61,59,56,51,41,38,42,49,46,50,51,53,47,46,45,46,46
2016-02-07 11:00:00.283146,2,7,11,85,84,79,62,59,55,50,44,45,36,37,44,48,48,55,53,49,47,45,43,42,42,37
2016-02-07 12:00:00.263798,2,7,12,81,75,59,51,49,49,48,47,40,39,46,51,51,60,56,50,49,47,45,44,42,34,21
2016-02-07 13:00:00.321409,2,7,13,83,59,45,46,46,43,47,38,40,45,50,51,60,56,48,49,47,45,44,42,36,21,22
2016-02-07 14:00:00.331536,2,7,14,77,59,46,46,43,45,35,38,40,48,47,51,53,53,51,48,46,44,43,35,35,29,23
2016-02-07 15:00:00.247216,2,7,15,79,59,39,35,38,35,41,43,51,49,51,54,52,51,48,46,44,44,36,36,28,22,21
2016-02-07 16:00:00.479154,2,7,16,74,59,35,38,35,38,40,48,47,51,53,53,51,48,46,44,43,35,35,29,23,21,20
2016-02-07 17:00:00.654935,2,7,17,79,66,59,39,42,43,49,46,47,48,46,46,45,43,43,44,38,40,35,29,27,24,22
2016-02-07 18:00:01.041588,2,7,18,66,59,34,37,38,47,48,47,48,46,45,45,43,43,45,39,40,34,29,27,24,22,29
2016-02-07 19:00:00.654126,2,7,19,59,52,36,41,40,39,39,42,41,41,40,39,39,41,35,35,31,24,22,20,18,22,25
2016-02-07 20:00:00.271528,2,7,20,34,30,38,34,36,36,40,37,41,42,39,39,39,32,42,42,32,25,20,18,22,27,22
2016-02-07 21:00:00.292586,2,7,21,30,35,34,36,36,38,36,40,42,39,39,39,32,42,42,31,24,20,18,22,26,23,23
2016-02-07 22:00:00.306761,2,7,22,22,23,30,36,39,36,40,43,40,40,40,31,39,38,27,19,15,14,18,25,23,24,23
2016-02-07 23:00:00.259907,2,7,23,16,20,36,39,36,40,43,40,40,40,32,40,38,26,19,15,14,18,25,24,25,23,21
2016-02-08 00:00:00.311534,2,8,0,7,12,20,37,40,41,36,37,39,33,44,41,28,21,15,14,18,28,25,24,21,18,14
2016-02-08 01:00:00.315997,2,8,1,18,20,37,36,39,42,37,39,33,44,41,28,21,15,14,18,27,24,23,21,18,14,8
2016-02-08 02:00:00.300610,2,8,2,1,5,20,35,41,39,40,26,26,29,25,27,18,14,19,23,25,24,22,19,14,9,5
2016-02-08 03:00:00.395265,2,8,3,5,8,20,41,39,40,26,26,29,25,27,18,14,19,23,25,24,22,19,14,9,5,12
2016-02-08 04:00:02.356686,2,8,4,3,8,20,37,38,24,25,29,26,28,19,15,21,24,26,27,27,26,22,16,11,19,23
2016-02-08 05:00:02.209243,2,8,5,10,20,37,38,24,25,29,26,27,19,15,21,24,26,27,27,26,22,16,11,17,22,21
2016-02-08 06:00:00.408928,2,8,6,14,15,20,24,25,29,25,28,19,15,21,24,26,27,27,26,22,16,12,20,24,24,25
2016-02-08 07:00:00.534172,2,8,7,15,20,24,25,29,26,28,19,15,21,24,26,27,27,26,22,15,11,21,24,24,25,22
2016-02-08 08:00:00.357435,2,8,8,14,6,21,22,21,19,17,15,22,25,27,27,27,30,25,19,15,19,23,25,25,26,26
2016-02-08 09:00:00.433729,2,8,9,21,22,22,21,19,17,15,22,25,27,27,27,31,27,20,16,18,23,25,25,26,26,20
2016-02-08 10:00:00.302888,2,8,10,22,22,23,22,19,20,22,22,21,19,19,24,22,17,15,17,23,24,25,26,27,23,22
2016-02-08 11:00:00.376543,2,8,11,22,23,22,19,20,22,22,21,19,19,24,21,18,15,19,24,25,26,28,28,25,24,9
2016-02-08 12:00:00.301816,2,8,12,12,12,19,20,22,22,21,19,19,22,20,18,14,21,25,26,27,30,31,30,27,10,8
2016-02-08 13:00:01.299372,2,8,13,34,28,25,21,20,19,20,24,30,27,22,19,20,24,26,28,33,35,31,25,8,8,14
2016-02-08 14:00:00.507332,2,8,14,6,6,20,29,27,30,34,36,33,29,25,28,27,26,28,33,36,32,25,8,8,8,7
2016-02-08 15:00:00.833505,2,8,15,43,48,29,27,30,34,38,35,30,26,27,26,26,28,34,37,33,25,8,8,8,7,7
2016-02-08 16:00:00.340194,2,8,16,46,43,37,30,32,33,30,25,23,27,25,24,28,36,40,34,27,11,13,17,19,19,21
2016-02-08 17:00:00.449482,2,8,17,39,34,34,32,33,29,24,21,25,24,24,28,35,39,35,29,11,12,17,19,19,21,23
2016-02-08 18:00:00.685129,2,8,18,34,34,32,33,29,24,19,24,24,24,29,39,44,38,32,11,12,16,19,19,21,23,34
2016-02-08 19:00:00.298451,2,8,19,36,37,34,24,19,16,24,23,23,26,32,36,33,27,9,10,14,16,16,18,20,36,46
2016-02-08 20:00:00.435939,2,8,20,13,14,24,19,16,19,20,21,25,32,35,32,27,9,10,13,15,17,17,17,23,45,55
2016-02-08 21:00:01.824007,2,8,21,11,10,19,16,19,20,20,24,32,35,33,25,9,10,13,15,17,17,17,23,44,55,50
2016-02-08 22:00:01.181644,2,8,22,1,0,0,19,19,20,26,34,38,36,28,11,10,9,8,9,9,9,16,43,55,53,39
2016-02-08 23:00:00.235310,2,8,23,1,0,19,19,20,23,33,35,30,27,12,11,9,7,8,8,9,16,43,50,53,36,58
2016-02-09 00:00:00.256061,2,9,0,2,7,21,22,23,26,37,35,28,11,10,9,8,9,9,9,16,43,51,53,36,59,26
2016-02-09 01:00:00.398056,2,9,1,7,10,22,23,26,26,30,32,21,18,12,9,8,8,8,15,43,51,53,38,61,27,18
2016-02-09 02:00:00.361096,2,9,2,12,20,25,26,26,30,36,21,18,12,9,8,7,8,20,33,51,48,55,56,33,18,15
2016-02-09 03:00:00.372945,2,9,3,16,20,26,26,30,34,19,16,11,8,8,7,7,20,33,48,47,55,55,35,18,15,21
2016-02-09 04:00:01.003603,2,9,4,12,14,23,25,29,16,17,11,9,8,7,8,20,33,49,48,55,56,34,18,15,21,35
2016-02-09 05:00:01.101208,2,9,5,5,7,20,29,16,13,11,9,9,7,7,17,28,43,41,50,46,40,20,17,21,32,55
2016-02-09 06:00:00.334838,2,9,6,22,24,29,16,13,10,9,9,7,7,17,28,42,41,50,46,40,20,17,21,32,55,69
2016-02-09 07:00:00.313198,2,9,7,22,28,16,13,10,9,8,7,7,18,29,44,42,51,45,39,20,17,21,34,56,70,67
2016-02-09 08:00:00.313583,2,9,8,79,59,13,10,10,9,6,6,30,37,40,32,46,51,57,31,17,33,43,45,68,72,66
2016-02-09 09:00:00.308122,2,9,9,69,56,10,10,9,6,7,30,37,39,34,45,51,57,31,17,32,44,46,68,71,66,80
2016-02-09 10:00:00.307398,2,9,10,53,44,10,9,6,6,30,37,38,35,44,52,57,31,17,33,44,47,68,70,66,81,85
2016-02-16 09:26:52.309723,2,16,9,97,79,76,80,78,81,83,77,81,98,98,95,94,96,96,98,98,97,98,77,78,99,97
2016-02-16 10:00:00.549662,2,16,10,68,71,77,100,100,85,79,82,99,98,94,94,97,95,98,99,97,98,77,78,99,97,99
2016-02-16 11:00:00.359040,2,16,11,83,87,81,100,100,80,85,99,95,95,94,95,96,98,98,99,97,77,77,99,97,98,100
2016-02-16 12:00:00.371299,2,16,12,100,94,100,100,100,84,99,96,97,98,98,98,97,96,97,95,94,94,98,96,97,100,98
2016-02-16 13:00:00.566093,2,16,13,80,85,94,100,100,99,97,98,98,97,97,97,96,97,96,94,95,98,97,97,100,98,93
2016-02-16 14:00:00.679798,2,16,14,87,92,100,100,99,99,98,98,97,97,98,97,98,96,94,94,98,96,93,97,91,93,87
2016-02-16 15:00:01.701240,2,16,15,91,92,100,99,99,99,99,96,96,96,97,98,96,95,95,98,96,89,97,89,92,89,89
2016-02-16 16:00:00.312855,2,16,16,73,80,98,98,98,98,96,96,96,97,97,97,95,95,98,96,89,97,91,93,90,90,88
2016-02-16 17:00:00.391610,2,16,17,95,97,98,99,98,96,95,93,96,93,95,93,95,98,92,93,97,87,91,88,87,86,83
2016-02-16 18:00:00.337009,2,16,18,100,100,99,98,96,96,93,96,93,96,93,95,98,92,94,98,87,91,88,86,86,83,75
2016-02-16 19:00:00.450928,2,16,19,88,88,89,96,95,93,95,92,96,93,95,98,92,97,98,97,95,92,86,83,78,84,100
2016-02-16 20:00:00.631435,2,16,20,96,96,96,95,93,96,92,95,93,95,98,91,97,98,97,94,91,85,82,79,84,100,100
2016-02-16 21:00:01.336277,2,16,21,97,97,97,98,98,94,96,95,95,95,93,95,98,97,91,90,82,78,78,84,85,100,100
2016-02-16 22:00:01.277868,2,16,22,89,90,98,98,94,96,95,95,95,93,95,98,96,91,90,82,79,79,88,93,100,100,95
2016-02-16 23:00:00.283734,2,16,23,85,88,89,97,94,92,96,97,97,97,97,95,90,88,86,84,80,89,93,100,100,92,95
2016-02-17 00:00:02.029828,2,17,0,94,95,98,96,95,98,97,97,97,97,97,94,93,73,70,83,89,92,93,100,100,92,93
2016-02-17 01:00:00.439938,2,17,1,90,90,96,95,98,97,97,97,97,97,94,93,74,72,84,89,92,93,100,100,90,93,92
2016-02-17 02:00:00.330450,2,17,2,85,84,95,98,97,97,97,98,96,94,90,69,74,74,91,74,93,100,100,92,94,94,98
2016-02-17 03:00:00.387333,2,17,3,80,85,98,95,97,97,99,95,95,88,70,74,74,91,74,93,100,100,92,89,95,98,95
2016-02-17 04:00:00.541647,2,17,4,82,86,95,97,96,99,94,95,88,68,74,75,91,74,93,100,100,92,90,94,98,95,87
2016-02-17 05:00:00.330787,2,17,5,100,99,97,96,99,95,95,88,67,78,78,91,68,85,100,100,87,86,92,98,94,86,70
2016-02-17 06:00:00.351631,2,17,6,99,98,98,99,98,98,93,72,75,77,84,62,85,100,100,88,89,95,99,95,90,72,67
2016-02-17 07:00:00.382167,2,17,7,95,96,99,98,98,93,70,76,78,85,62,85,100,100,88,89,95,99,96,91,75,67,61
2016-02-17 08:00:00.358040,2,17,8,99,96,96,97,96,78,67,83,82,60,85,100,100,88,89,95,97,92,84,76,81,67,60
2016-02-17 09:00:00.385916,2,17,9,95,97,97,96,78,68,83,87,66,85,100,100,87,91,90,97,92,81,78,80,69,62,71
2016-02-17 10:00:00.425118,2,17,10,97,97,96,78,68,83,87,66,85,100,100,87,91,90,97,92,81,78,80,69,62,71,73
2016-02-17 11:00:00.343412,2,17,11,98,98,78,69,100,91,72,92,100,100,89,92,90,97,92,81,77,81,72,67,74,75,60
2016-02-17 12:00:00.377252,2,17,12,87,74,69,100,100,68,92,100,100,93,95,90,88,84,82,81,84,74,68,78,77,67,64
2016-02-17 13:00:00.512960,2,17,13,98,86,100,100,100,100,100,100,93,95,90,88,84,82,81,84,74,68,78,77,67,64,69
2016-02-17 14:00:00.407814,2,17,14,96,92,100,100,100,100,100,92,93,90,90,87,89,72,77,63,73,76,79,79,71,67,67
2016-02-17 15:00:01.233333,2,17,15,91,86,100,100,100,100,95,94,89,90,78,82,73,72,65,74,75,77,76,74,67,67,62
2016-02-17 16:00:00.315011,2,17,16,89,100,100,100,100,100,94,89,90,78,82,72,71,66,74,76,77,76,73,69,67,62,58
2016-02-17 17:00:00.354948,2,17,17,85,100,100,100,92,100,88,90,78,82,72,74,70,82,81,80,77,71,60,57,55,59,50
2016-02-17 18:00:00.438327,2,17,18,100,100,100,92,92,94,93,88,85,72,74,73,78,83,84,73,76,65,65,57,65,54,66
2016-02-17 19:00:00.374904,2,17,19,100,100,100,92,94,93,86,83,75,77,71,76,82,84,71,78,61,65,60,67,57,67,67
2016-02-17 20:00:00.314283,2,17,20,100,100,100,94,93,88,86,86,69,82,72,84,79,73,74,64,63,58,65,51,80,74,78
2016-02-17 21:00:01.030528,2,17,21,100,100,100,95,93,92,82,60,78,78,78,79,77,76,57,59,63,61,50,67,69,78,63
2016-02-17 22:00:02.106358,2,17,22,100,100,100,93,92,79,64,81,82,84,82,79,80,72,74,75,70,57,79,86,92,82,92
2016-02-17 23:00:00.303482,2,17,23,100,100,100,91,79,60,74,81,88,79,82,78,77,72,70,72,56,78,90,91,83,91,89
2016-02-18 00:00:01.783346,2,18,0,97,96,91,79,60,75,79,87,82,81,81,78,75,74,73,61,78,90,94,80,92,90,91
2016-02-18 01:00:00.328031,2,18,1,99,94,79,60,76,80,85,77,75,74,75,72,71,75,65,81,91,95,84,96,97,96,97
2016-02-18 02:00:00.346879,2,18,2,96,92,84,73,86,73,66,74,74,56,67,60,57,78,82,91,96,94,96,96,96,96,97
2016-02-18 03:00:00.368995,2,18,3,82,76,65,86,73,66,79,74,51,62,50,55,72,80,92,94,95,96,96,97,95,98,97
2016-02-18 04:00:00.990261,2,18,4,74,64,77,73,68,83,73,50,48,50,50,68,74,86,89,91,93,94,95,95,98,98,97
2016-02-18 05:00:00.354310,2,18,5,79,79,73,60,79,66,50,47,50,46,68,74,85,88,91,93,94,95,95,98,99,98,100
2016-02-18 06:00:00.364090,2,18,6,77,72,60,79,66,50,41,50,50,74,78,86,90,92,93,94,94,96,98,99,97,98,96
2016-02-18 07:00:00.318945,2,18,7,91,73,79,68,50,50,50,50,71,78,86,91,91,94,95,94,96,98,98,97,98,96,99
2016-02-18 08:00:00.327851,2,18,8,68,72,50,40,35,61,50,72,67,79,91,93,94,95,94,97,98,98,99,98,96,99,100
2016-02-18 09:00:00.406387,2,18,9,79,59,59,32,59,51,67,68,82,92,93,94,94,95,97,98,99,100,99,100,100,100,100
2016-02-18 10:00:00.369786,2,18,10,60,64,39,59,52,65,64,75,88,90,91,92,94,96,98,99,100,99,99,100,100,100,100
2016-02-18 11:00:00.309357,2,18,11,70,67,77,58,64,59,76,87,90,91,91,94,96,98,99,100,100,100,100,100,100,100,100
2016-02-18 12:00:00.342359,2,18,12,80,85,58,64,59,76,87,90,91,91,94,95,97,98,100,100,100,100,100,100,100,99,98
2016-02-18 13:00:00.376927,2,18,13,93,86,68,61,76,88,90,91,90,93,95,97,98,99,99,100,100,100,100,100,99,97,98
2016-02-18 14:00:00.349657,2,18,14,89,72,60,84,89,100,91,90,94,95,97,98,100,99,100,99,100,99,99,99,98,99,100
2016-02-18 15:00:02.332202,2,18,15,57,61,84,89,100,91,90,94,95,97,98,100,99,100,99,100,99,99,99,98,99,100,100
2016-02-18 16:00:00.449276,2,18,16,63,89,89,100,91,90,93,94,96,98,100,99,99,99,100,100,99,99,98,100,100,100,100
2016-02-18 17:00:00.280751,2,18,17,93,95,100,85,86,91,92,95,97,99,98,99,98,100,99,99,98,97,99,100,100,93,88
2016-02-18 18:00:00.273252,2,18,18,94,100,88,88,92,91,96,97,99,97,99,99,100,99,99,98,96,99,100,100,92,90,91
2016-02-18 19:00:00.336165,2,18,19,95,100,100,90,91,96,97,99,98,98,99,100,99,99,98,98,100,100,100,91,90,91,93
2016-02-18 20:00:00.293165,2,18,20,100,100,90,91,96,97,99,98,99,99,100,99,99,98,98,99,100,100,92,90,92,94,92
2016-02-18 21:00:02.000145,2,18,21,100,99,100,96,97,99,96,97,100,100,99,99,98,98,99,100,100,80,90,92,95,85,80
2016-02-18 22:00:01.019369,2,18,22,99,99,99,95,95,91,95,100,100,99,99,99,98,99,99,100,80,91,90,90,79,77,90
2016-02-18 23:00:00.380794,2,18,23,100,100,100,95,90,100,100,100,99,99,99,98,99,99,100,90,91,90,80,72,75,85,80
2016-02-19 00:00:03.640244,2,19,0,95,97,95,90,96,100,99,99,99,99,98,99,99,100,90,91,90,80,73,78,84,78,71
2016-02-19 01:00:00.323978,2,19,1,100,97,88,100,100,100,100,99,99,99,99,99,100,96,97,95,82,72,80,84,78,74,88
2016-02-19 02:00:00.344060,2,19,2,87,100,96,100,100,100,100,99,99,99,100,100,94,87,93,85,82,67,84,65,67,93,89
2016-02-19 03:00:00.370101,2,19,3,100,100,100,100,100,99,99,99,99,100,100,95,91,93,87,83,67,83,69,72,92,89,76
2016-02-19 04:00:00.933756,2,19,4,100,100,99,99,99,99,99,100,100,100,95,89,97,91,89,73,88,70,73,95,90,77,78
2016-02-19 05:00:00.362100,2,19,5,100,100,99,100,99,100,100,100,95,99,96,98,93,79,71,93,78,76,90,90,76,77,64
2016-02-19 06:00:02.143807,2,19,6,100,100,100,99,100,100,100,95,99,95,98,91,83,70,91,78,77,91,91,76,75,63,54
2016-02-19 07:00:00.504197,2,19,7,100,100,99,100,100,100,95,99,94,98,90,83,68,90,76,75,91,91,77,74,62,54,51
2016-02-19 08:00:00.303908,2,19,8,100,100,99,100,100,100,98,99,95,94,92,85,93,87,86,87,90,84,69,81,71,62,54
2016-02-19 09:00:00.500827,2,19,9,100,99,100,100,100,98,99,96,95,91,85,93,87,85,86,90,84,66,82,72,60,52,58
2016-02-19 10:00:00.427850,2,19,10,99,100,100,100,98,98,95,93,92,85,93,86,87,88,90,84,71,80,71,63,55,61,32
2016-02-19 11:00:00.465958,2,19,11,100,100,99,98,98,95,94,91,84,93,87,86,87,90,84,67,81,72,62,54,60,31,39
2016-02-19 12:00:00.382347,2,19,12,100,100,100,92,95,90,94,93,93,85,90,87,84,88,73,72,75,64,58,64,36,53,46
2016-02-19 13:00:00.319968,2,19,13,100,99,92,95,91,96,91,91,90,89,89,84,89,68,72,76,62,53,57,37,49,45,45
2016-02-19 14:00:00.350328,2,19,14,99,100,100,100,86,84,93,83,76,92,78,76,85,84,81,64,69,61,43,42,41,36,37
2016-02-19 15:00:01.138135,2,19,15,100,100,100,86,84,93,82,77,92,77,76,85,84,82,65,69,60,41,42,42,36,37,39
2016-02-19 16:00:00.307087,2,19,16,100,100,86,84,93,84,73,92,79,76,85,83,79,62,69,62,46,42,41,36,38,39,46
2016-02-19 17:00:00.493672,2,19,17,100,87,81,89,79,73,85,79,76,77,75,74,56,66,54,38,38,44,41,41,36,42,60
2016-02-19 18:00:00.291533,2,19,18,100,87,96,79,73,85,81,79,77,75,71,53,65,55,41,34,43,44,44,37,44,63,65
2016-02-19 19:00:00.347434,2,19,19,92,100,83,73,86,83,75,76,75,75,53,61,49,32,35,44,44,40,33,43,63,64,74
2016-02-19 20:00:00.309741,2,19,20,97,74,67,86,86,62,73,73,69,50,62,52,39,33,43,42,39,32,45,62,65,74,80
2016-02-19 21:00:03.724579,2,19,21,41,49,86,87,64,82,75,58,53,54,48,32,25,25,38,24,26,43,58,65,76,80,77
2016-02-19 22:00:00.403243,2,19,22,50,62,87,64,82,74,58,53,54,50,33,26,25,37,25,27,43,58,65,76,80,76,68
2016-02-19 23:00:00.265051,2,19,23,99,100,68,88,79,60,51,50,41,26,20,23,37,24,26,47,61,67,74,78,74,65,62
2016-02-20 00:00:00.354070,2,20,0,100,88,83,59,48,48,52,40,28,23,18,34,25,29,45,64,66,73,77,72,64,61,54
2016-02-20 01:00:00.308262,2,20,1,49,62,59,47,47,52,42,28,22,21,37,26,28,36,54,54,64,69,65,61,59,52,46
2016-02-20 02:00:00.286379,2,20,2,58,48,47,47,52,42,28,22,21,37,26,28,36,54,54,64,69,65,61,59,52,46,57
2016-02-20 03:00:00.340945,2,20,3,56,50,58,52,46,28,25,23,38,43,43,48,50,56,63,65,57,59,55,52,54,53,58
2016-02-20 04:00:00.314005,2,20,4,54,48,52,46,28,25,23,38,43,43,48,50,56,63,65,57,59,55,52,54,53,58,54
2016-02-20 05:00:00.373897,2,20,5,33,30,42,24,22,19,35,41,43,50,53,60,67,70,62,64,59,54,55,53,56,51,47
2016-02-20 06:00:00.344832,2,20,6,35,29,24,21,21,34,31,43,51,51,57,65,68,65,67,62,56,54,52,54,53,48,33
2016-02-20 07:00:00.325408,2,20,7,25,9,21,21,35,33,44,54,51,56,64,69,64,68,63,56,53,50,54,53,49,34,37
2016-02-20 08:00:00.348778,2,20,8,19,4,20,35,30,33,42,47,52,51,56,49,49,49,39,51,51,45,39,32,45,50,62
2016-02-20 09:00:00.382334,2,20,9,8,20,35,30,33,42,47,52,51,56,49,49,49,39,51,51,45,39,32,45,50,62,75
2016-02-20 10:00:00.370808,2,20,10,30,44,41,45,51,53,57,53,56,48,48,49,40,53,54,48,39,32,45,51,61,74,84
2016-02-20 11:00:00.312286,2,20,11,67,59,44,51,52,57,48,54,48,49,51,43,55,55,45,40,32,45,55,58,69,84,93
2016-02-20 12:00:00.249229,2,20,12,52,52,45,46,52,48,57,50,47,48,41,54,53,43,37,30,42,52,59,70,84,94,100
2016-02-20 13:00:00.376054,2,20,13,40,46,46,52,48,57,49,47,49,40,54,53,43,39,30,43,51,58,69,84,94,100,100
2016-02-20 14:00:00.491349,2,20,14,53,51,53,52,50,52,49,61,58,53,57,51,26,23,35,50,52,55,81,90,96,100,100
2016-02-20 15:00:00.318264,2,20,15,49,57,52,50,52,49,61,58,53,57,51,26,23,35,50,52,55,81,90,96,100,100,96
2016-02-20 16:00:00.274876,2,20,16,71,59,50,52,49,60,58,54,57,49,26,23,36,50,48,54,81,90,96,100,100,97,89
2016-02-20 17:00:00.460422,2,20,17,53,51,52,49,63,59,56,60,54,30,25,36,48,48,54,80,89,95,100,100,96,89,82
2016-02-20 18:00:00.369845,2,20,18,44,44,49,63,59,58,61,53,30,25,37,48,46,53,80,89,96,100,100,97,89,82,56
2016-02-20 19:00:01.414273,2,20,19,44,43,61,59,54,58,52,25,21,35,46,43,51,80,88,96,100,100,97,90,84,68,47
2016-02-20 20:00:00.630356,2,20,20,46,42,59,55,49,47,40,20,34,26,41,58,77,84,96,97,100,97,90,84,65,39,43
2016-02-20 21:00:00.347849,2,20,21,43,59,55,49,47,40,20,34,26,41,58,77,84,96,97,100,97,90,84,65,39,43,50
2016-02-20 22:00:00.421281,2,20,22,43,38,46,44,37,20,32,24,38,56,75,82,95,97,100,97,90,84,66,39,45,52,41
2016-02-20 23:00:01.161481,2,20,23,40,36,44,37,20,29,24,38,56,75,82,95,97,100,97,90,84,66,39,45,52,41,44
2016-02-21 00:00:03.459637,2,21,0,27,30,37,20,29,30,46,68,78,87,93,97,100,97,90,83,56,45,46,50,35,43,44
2016-02-21 01:00:00.261960,2,21,1,38,34,20,29,30,46,69,78,85,92,98,100,96,93,91,57,46,45,53,40,48,53,62
2016-02-21 02:00:00.466468,2,21,2,19,16,21,30,53,68,82,86,90,98,100,100,93,92,65,51,48,49,40,46,48,48,67
2016-02-21 03:00:00.311769,2,21,3,10,20,30,53,68,82,86,90,98,100,100,93,92,65,52,49,50,42,46,49,48,67,70
2016-02-21 04:00:00.330496,2,21,4,8,30,53,68,82,86,90,98,100,100,93,92,65,50,49,51,44,45,51,49,68,71,78
2016-02-21 05:00:00.417448,2,21,5,20,38,70,80,84,91,96,100,96,93,92,61,57,51,53,45,46,52,53,63,67,77,84
2016-02-21 06:00:01.407974,2,21,6,34,60,80,84,91,96,100,96,93,91,59,51,50,49,41,47,55,53,65,69,75,85,90
2016-02-21 07:00:00.365778,2,21,7,60,70,84,91,96,100,96,93,92,61,54,52,52,45,45,54,53,64,69,78,85,90,90
2016-02-21 08:00:00.410161,2,21,8,55,67,80,97,100,96,92,88,55,55,51,50,47,32,57,50,60,75,82,84,84,95,93
2016-02-21 09:00:00.347809,2,21,9,67,73,100,100,96,92,88,55,55,51,50,47,32,57,50,60,75,82,84,84,95,93,88
2016-02-21 10:00:00.299643,2,21,10,82,89,100,96,92,88,55,55,50,49,45,31,57,49,60,75,82,83,84,95,93,88,88
2016-02-21 11:00:00.285379,2,21,11,100,100,100,92,88,55,54,45,43,41,29,44,39,58,71,79,84,82,92,98,90,89,84
2016-02-21 12:00:00.311548,2,21,12,100,99,92,88,55,50,46,43,39,32,44,40,57,73,77,86,84,92,97,90,90,87,82
2016-02-21 13:00:00.314161,2,21,13,98,91,80,55,48,42,38,33,31,41,28,44,61,73,82,77,86,89,81,80,74,73,77
2016-02-21 14:00:00.372282,2,21,14,89,58,59,30,27,22,22,35,37,48,51,68,77,78,84,89,92,82,79,74,79,83,73
2016-02-21 15:00:00.258516,2,21,15,68,59,36,27,22,23,35,37,41,45,61,76,72,82,89,91,83,80,75,74,83,70,64
2016-02-21 16:00:00.296584,2,21,16,59,38,29,11,20,28,30,39,40,59,71,69,79,87,91,82,79,74,76,83,72,65,53
2016-02-21 17:00:01.158557,2,21,17,37,29,11,20,28,30,39,40,59,71,69,79,87,91,82,79,74,76,83,72,65,53,42
2016-02-21 18:00:00.253245,2,21,18,40,29,20,27,30,44,47,67,60,73,81,89,90,88,87,77,67,81,74,69,58,35,26
2016-02-21 19:00:00.261732,2,21,19,31,38,27,30,44,47,67,61,73,81,88,89,88,86,76,66,79,72,68,58,34,26,13
2016-02-21 20:00:01.022117,2,21,20,36,43,30,38,38,65,61,73,83,85,87,88,87,76,66,81,76,71,57,35,25,13,16
2016-02-21 21:00:02.126060,2,21,21,44,40,34,35,47,53,73,66,79,88,89,82,70,69,63,74,65,56,28,17,8,12,8
2016-02-21 22:00:00.253728,2,21,22,19,20,30,44,51,71,65,82,86,87,77,67,61,57,65,62,50,23,15,7,13,11,3
2016-02-21 23:00:00.337163,2,21,23,14,20,42,40,59,51,74,86,85,71,66,75,62,74,59,61,43,25,13,12,13,3,2
2016-02-22 00:00:01.748078,2,22,0,30,38,33,52,45,67,84,84,73,68,75,66,79,62,63,43,26,14,14,11,3,2,6
2016-02-22 01:00:00.336175,2,22,1,25,30,54,46,68,87,83,70,69,69,60,72,60,59,42,27,15,16,14,3,2,6,12
2016-02-22 02:00:00.422391,2,22,2,20,40,46,68,87,87,88,80,66,64,56,58,54,32,23,19,9,12,6,4,9,21,23
2016-02-22 03:00:00.271477,2,22,3,60,72,70,82,89,88,77,64,61,53,54,51,31,23,18,9,12,6,5,10,20,22,39
2016-02-22 04:00:01.415716,2,22,4,77,78,73,81,79,73,57,55,49,47,45,30,23,20,12,14,9,9,19,36,39,54,40
2016-02-22 05:00:00.336008,2,22,5,64,71,78,79,74,57,52,55,53,49,26,21,15,7,4,3,5,17,32,44,57,41,48
2016-02-22 06:00:00.312327,2,22,6,100,100,79,74,57,53,56,58,51,27,22,15,7,5,4,6,17,32,46,59,42,47,36
2016-02-22 07:00:00.460753,2,22,7,96,96,90,59,56,58,59,53,27,22,15,8,6,4,6,17,32,48,60,42,47,36,29
2016-02-22 08:00:00.369647,2,22,8,88,89,78,74,73,59,52,27,21,15,8,6,4,6,17,32,46,59,42,47,36,29,24
2016-02-22 09:00:00.336337,2,22,9,95,89,76,75,59,52,41,36,30,21,24,28,18,18,31,40,42,45,42,37,28,24,39
2016-02-22 10:00:00.456520,2,22,10,93,80,79,59,52,41,37,30,22,24,29,19,19,30,38,41,45,42,37,28,24,40,22
2016-02-22 11:00:01.043967,2,22,11,87,79,65,58,46,33,27,29,27,31,23,18,30,40,42,45,43,37,27,24,39,21,23
2016-02-22 12:00:00.304662,2,22,12,91,79,59,51,37,27,29,27,31,23,18,30,40,42,45,43,37,27,24,39,21,23,25
2016-02-22 13:00:00.513995,2,22,13,75,70,54,43,36,38,34,36,23,11,9,11,14,17,18,17,15,18,34,19,22,25,30
2016-02-22 14:00:00.467656,2,22,14,68,59,51,48,43,37,26,23,7,8,10,12,14,17,17,15,16,18,18,20,24,29,33
2016-02-22 15:00:00.283145,2,22,15,73,59,48,43,37,26,20,7,9,11,12,14,17,16,15,15,18,18,20,24,29,33,34
2016-02-22 16:00:00.401288,2,22,16,56,52,43,37,26,19,7,8,10,12,14,17,17,15,16,18,18,20,24,29,33,34,34
2016-02-22 17:00:01.471586,2,22,17,39,36,37,26,19,7,10,12,13,14,17,16,14,14,17,18,21,24,27,30,32,32,33
2016-02-22 18:00:00.372096,2,22,18,18,12,16,16,6,8,9,11,12,14,14,12,11,14,15,17,19,22,24,26,28,27,36
2016-02-22 19:00:00.568365,2,22,19,13,0,16,6,8,10,11,12,14,13,12,11,14,15,17,19,23,25,26,27,27,36,62
2016-02-22 20:00:00.369114,2,22,20,0,0,19,8,10,11,12,14,13,12,11,14,15,17,22,26,26,26,27,33,38,64,63
2016-02-22 21:00:01.044693,2,22,21,3,3,8,10,11,11,14,13,12,12,12,15,18,22,26,26,26,30,58,54,53,72,65
2016-02-22 22:00:01.100656,2,22,22,1,0,6,8,10,14,14,11,12,12,15,18,22,26,26,25,29,57,54,53,72,64,70
2016-02-22 23:00:00.706178,2,22,23,0,0,8,10,14,15,16,18,18,18,19,24,29,29,28,34,62,57,56,75,68,73,64
2016-02-23 00:00:00.454817,2,23,0,0,0,8,10,13,15,18,17,17,18,23,28,29,29,33,64,57,57,69,69,80,74,87
2016-02-23 01:00:00.315534,2,23,1,6,7,9,13,15,18,18,17,17,21,25,28,28,37,63,57,57,67,66,78,75,87,86
2016-02-23 02:00:00.538060,2,23,2,6,9,13,15,17,18,19,17,20,24,29,31,54,54,56,62,67,65,63,85,84,83,79
2016-02-23 03:00:00.338096,2,23,3,17,19,15,17,18,18,17,20,25,29,31,54,54,54,62,66,68,63,85,84,85,79,87
2016-02-23 04:00:01.331354,2,23,4,11,12,22,21,20,18,20,24,29,31,54,53,55,63,67,65,64,85,83,83,78,86,88
2016-02-23 05:00:00.439630,2,23,5,23,22,21,20,18,20,25,29,31,55,54,56,62,66,66,63,85,83,83,77,83,86,86
2016-02-23 06:00:00.388707,2,23,6,5,6,8,18,20,25,29,31,51,64,56,62,66,65,59,81,82,87,79,78,87,77,82
2016-02-23 07:00:00.334343,2,23,7,5,8,18,20,25,30,31,48,57,55,61,66,65,62,79,81,86,80,80,87,77,82,69
2016-02-23 08:00:00.427106,2,23,8,3,4,22,27,29,30,34,59,58,51,70,62,68,75,86,88,86,77,63,70,73,70,70
2016-02-23 09:00:00.345679,2,23,9,3,10,27,29,30,34,59,58,50,70,63,69,74,86,89,86,77,62,74,75,70,69,65
2016-02-23 10:00:00.443062,2,23,10,11,20,29,30,34,59,58,50,70,63,69,75,86,89,86,77,63,72,74,70,69,65,63
2016-02-23 11:00:00.354061,2,23,11,14,20,30,47,50,59,49,68,61,66,75,86,89,81,83,64,78,80,74,75,76,58,72
2016-02-23 12:00:01.363518,2,23,12,19,20,38,50,59,49,67,63,70,81,88,83,70,77,66,80,84,82,83,79,57,66,64
2016-02-23 13:00:00.689918,2,23,13,30,40,50,58,48,67,61,68,80,88,84,71,77,65,81,83,82,82,80,58,67,63,61
2016-02-23 14:00:00.504615,2,23,14,38,31,52,60,67,72,75,84,90,84,69,78,71,85,87,83,81,80,75,71,72,64,61
2016-02-23 15:00:02.425294,2,23,15,15,24,34,62,69,80,89,88,83,78,85,76,90,77,78,78,77,76,73,76,73,77,70
2016-02-23 16:00:00.334837,2,23,16,60,64,62,69,80,89,89,83,77,85,81,90,78,79,80,80,77,74,77,74,74,67,80
2016-02-23 17:00:00.267127,2,23,17,67,70,71,80,90,89,84,78,85,79,91,78,77,77,78,79,77,79,73,74,68,78,79
2016-02-23 18:00:00.282780,2,23,18,76,77,79,80,87,81,76,84,79,90,75,78,78,72,74,83,77,66,71,68,72,78,78
2016-02-23 19:00:00.365556,2,23,19,94,97,93,87,79,75,80,78,89,78,78,81,72,75,85,80,70,74,65,75,76,75,80
2016-02-23 20:00:00.364212,2,23,20,100,100,100,79,79,80,85,93,89,82,82,82,71,69,70,79,64,74,81,79,80,79,81
2016-02-23 21:00:01.081088,2,23,21,82,86,75,79,80,85,93,89,82,82,82,71,69,70,79,64,74,81,79,80,79,81,79
2016-02-23 22:00:01.101249,2,23,22,96,83,82,80,85,94,87,79,77,77,67,66,69,79,65,76,82,79,80,76,76,74,74
2016-02-23 23:00:00.264425,2,23,23,78,78,80,85,94,88,79,77,77,67,66,69,79,65,76,82,79,80,76,76,74,74,72
2016-02-24 00:00:00.372126,2,24,0,77,75,80,89,89,84,84,83,77,73,51,57,72,69,88,84,89,86,87,87,87,86,79
2016-02-24 01:00:00.342109,2,24,1,74,74,80,87,83,82,77,66,61,54,66,68,73,87,88,91,88,88,87,88,86,79,80
2016-02-24 02:00:00.325119,2,24,2,71,75,80,86,84,72,75,67,50,58,67,74,83,80,75,81,76,88,89,87,85,83,72
2016-02-24 03:00:00.337406,2,24,3,79,71,86,83,72,74,68,50,63,69,78,78,73,70,83,78,90,90,87,84,83,72,75
2016-02-24 04:00:01.180700,2,24,4,53,67,83,72,74,59,43,57,71,72,79,74,70,80,77,90,89,87,83,82,74,74,69
2016-02-24 05:00:00.647607,2,24,5,78,79,77,78,70,50,60,64,75,72,70,66,78,68,82,80,77,75,77,66,75,70,55
2016-02-24 06:00:00.579607,2,24,6,71,64,68,66,58,64,66,71,76,69,70,74,74,84,81,76,76,80,72,69,60,49,33
2016-02-24 07:00:00.593044,2,24,7,60,64,66,58,64,65,67,73,66,69,74,71,83,79,75,75,79,71,68,59,49,31,48
2016-02-24 08:00:01.572976,2,24,8,91,77,67,57,56,62,66,74,77,78,72,65,57,53,73,76,70,64,41,34,28,47,56
2016-02-24 09:00:00.298378,2,24,9,84,73,69,56,62,67,75,78,78,72,66,56,53,74,76,70,64,41,34,28,47,56,50
2016-02-24 10:00:01.427849,2,24,10,73,69,56,62,67,76,78,78,72,66,56,53,74,76,70,64,41,34,28,47,56,50,52
2016-02-24 11:00:00.794078,2,24,11,65,66,56,60,69,74,79,74,65,57,52,74,77,72,68,49,43,32,47,51,46,50,55
2016-02-24 12:00:01.036901,2,24,12,88,82,79,69,73,77,76,71,59,57,74,78,77,72,52,47,40,45,52,45,46,53,38
2016-02-24 13:00:01.285550,2,24,13,71,67,72,71,76,76,72,57,57,72,77,77,70,52,46,41,46,49,45,45,54,39,23
2016-02-24 14:00:00.928597,2,24,14,90,80,90,73,77,72,61,72,72,71,74,70,58,51,44,36,42,46,55,48,35,23,14
2016-02-24 15:00:00.891100,2,24,15,64,79,73,77,72,62,72,72,71,74,70,58,51,44,36,42,46,55,48,35,23,14,14
2016-02-24 16:00:00.765776,2,24,16,94,90,77,72,62,72,77,72,74,69,56,52,44,38,45,51,56,51,34,17,5,6,8
2016-02-24 17:00:00.489872,2,24,17,100,100,75,67,78,77,80,78,69,56,43,36,34,42,46,59,51,37,18,7,7,8,11
2016-02-24 18:00:04.653892,2,24,18,93,79,63,76,72,74,76,68,53,42,33,33,41,45,56,46,34,22,10,8,7,10,12
2016-02-24 19:00:00.437864,2,24,19,84,73,76,72,74,76,70,51,43,39,34,41,48,56,47,33,21,8,6,7,10,12,17
2016-02-24 20:00:00.246109,2,24,20,85,77,73,79,68,59,53,46,57,48,45,59,63,46,36,17,4,6,9,9,14,16,19
2016-02-24 21:00:01.179608,2,24,21,83,90,79,68,59,52,45,55,49,47,58,63,46,38,17,3,6,9,8,13,16,19,29
2016-02-24 22:00:00.623004,2,24,22,64,69,59,56,51,46,57,47,43,58,62,44,35,18,6,9,12,13,20,24,27,37,47
2016-02-24 23:00:00.251685,2,24,23,69,61,58,54,48,57,48,46,58,61,44,35,18,6,9,12,13,20,24,27,37,47,50
2016-02-25 00:00:00.851917,2,25,0,50,47,54,48,57,42,47,55,60,43,35,14,5,8,12,12,19,24,28,38,47,50,52
2016-02-25 01:00:00.337555,2,25,1,31,30,31,50,43,54,60,66,49,42,17,7,10,13,13,20,24,28,37,48,51,53,56
2016-02-25 02:00:00.274193,2,25,2,30,31,50,43,54,60,66,49,42,17,7,10,13,13,20,24,28,37,48,51,53,56,43
2016-02-25 03:00:00.291763,2,25,3,47,48,46,56,57,55,53,59,24,9,9,10,13,20,27,30,31,40,39,56,60,66,62
2016-02-25 04:00:00.751865,2,25,4,20,30,56,57,54,53,60,31,19,17,17,17,22,28,31,33,42,42,58,63,69,66,66
2016-02-25 05:00:00.395829,2,25,5,20,30,53,50,50,59,31,19,17,17,17,22,28,31,33,42,40,58,63,69,65,66,67
2016-02-25 06:00:00.302381,2,25,6,20,30,47,44,54,25,18,17,16,16,22,28,31,33,42,38,57,64,68,64,66,66,45
2016-02-25 07:00:00.334683,2,25,7,25,30,42,53,29,22,17,16,16,22,28,31,33,45,36,58,63,68,65,65,66,45,63
2016-02-25 08:00:01.450866,2,25,8,37,30,48,31,29,22,18,15,20,26,30,42,36,45,42,46,68,55,56,59,57,60,67
2016-02-25 09:00:00.324225,2,25,9,86,59,34,39,29,18,15,20,26,30,42,36,45,42,46,68,55,56,59,57,60,67,70
2016-02-25 10:00:00.354118,2,25,10,79,59,39,29,18,15,20,26,30,42,36,45,42,46,68,54,57,59,56,59,67,70,82
2016-02-25 11:00:00.302354,2,25,11,30,37,35,27,30,33,35,36,47,41,50,45,47,66,50,47,58,57,60,65,67,76,78
2016-02-25 12:00:00.404494,2,25,12,35,29,27,30,33,35,35,47,41,50,45,47,66,50,46,59,59,62,68,67,70,69,56
2016-02-25 13:00:00.425844,2,25,13,35,27,26,33,35,36,47,39,53,42,48,63,51,49,57,59,65,67,66,68,69,56,80
2016-02-25 14:00:00.535926,2,25,14,23,23,32,40,43,41,38,58,48,62,51,46,61,64,65,55,56,49,64,62,55,74,81
2016-02-25 15:00:00.535388,2,25,15,11,30,40,43,41,38,59,49,62,53,46,62,63,63,53,56,49,66,62,55,74,81,90
2016-02-25 16:00:00.313666,2,25,16,20,30,43,41,38,58,50,62,53,46,60,63,64,56,60,53,71,69,60,76,80,90,92
2016-02-25 17:00:00.290827,2,25,17,34,36,43,40,59,49,62,52,46,60,63,65,57,61,54,71,69,60,76,80,90,92,95
2016-02-25 18:00:00.302429,2,25,18,51,47,33,59,43,57,44,42,46,63,67,63,66,55,66,64,68,74,85,93,92,96,100
2016-02-25 19:00:00.309617,2,25,19,37,34,59,43,57,45,39,49,61,66,61,68,59,69,58,67,75,84,93,93,96,100,100
2016-02-25 20:00:00.364203,2,25,20,47,59,54,54,59,40,49,62,67,61,68,59,70,59,67,75,84,93,93,96,100,100,100
2016-02-25 21:00:02.062739,2,25,21,31,36,56,59,48,42,66,50,62,55,52,54,68,69,84,87,88,92,96,97,100,100,100
2016-02-25 22:00:00.391111,2,25,22,39,43,59,48,43,64,47,66,54,53,54,68,69,84,87,88,93,96,97,100,100,100,100
2016-02-25 23:00:00.318162,2,25,23,61,59,49,45,64,60,68,63,59,54,76,62,83,95,98,98,99,99,100,100,100,99,100
2016-02-26 00:00:00.324084,2,26,0,59,43,45,64,60,66,59,52,52,74,72,81,94,98,99,99,100,100,100,100,99,100,99
2016-02-26 01:00:00.352779,2,26,1,31,30,64,60,66,59,52,52,74,72,81,94,98,99,99,100,100,100,100,99,100,99,99
2016-02-26 02:00:00.517735,2,26,2,43,49,62,69,68,51,51,62,69,63,87,98,99,99,100,100,100,100,100,100,99,100,99
2016-02-26 03:00:00.319605,2,26,3,48,35,69,71,49,50,63,69,63,87,98,99,99,100,100,100,100,100,100,99,100,99,98
2016-02-26 04:00:00.592852,2,26,4,40,62,72,50,50,63,70,64,88,99,100,100,100,100,100,100,100,100,99,100,99,98,97
2016-02-26 05:00:00.483864,2,26,5,39,47,52,49,61,69,70,87,97,100,100,100,100,100,99,100,99,100,100,99,98,97,96
2016-02-26 06:00:00.389540,2,26,6,47,30,49,61,69,69,87,97,100,100,100,100,100,99,100,99,100,100,99,98,97,96,95
2016-02-26 07:00:00.336373,2,26,7,50,46,61,69,69,87,97,100,100,100,100,100,99,100,99,100,100,99,98,97,96,95,94
2016-02-26 08:00:00.279586,2,26,8,71,79,80,84,92,97,100,100,100,100,100,100,97,96,99,99,100,99,98,93,96,93,91
2016-02-26 09:00:00.345296,2,26,9,75,81,84,92,97,100,100,100,100,100,100,98,95,99,99,100,99,98,93,95,93,90,88
2016-02-26 10:00:00.290892,2,26,10,88,91,92,97,100,100,100,100,100,100,97,96,99,99,100,99,98,93,96,93,91,89,85
2016-02-26 11:00:01.616243,2,26,11,80,89,96,100,100,100,100,100,100,99,98,99,99,99,99,98,95,96,93,88,85,83,79
2016-02-26 12:00:00.328187,2,26,12,88,95,100,100,100,100,100,100,99,98,99,99,100,99,98,96,96,93,88,86,82,78,69
2016-02-26 13:00:00.294378,2,26,13,90,96,99,100,100,100,100,99,98,98,97,95,97,98,96,76,74,88,84,81,77,67,64
2016-02-26 14:00:00.290200,2,26,14,89,93,100,100,100,100,100,100,98,96,93,95,97,98,76,72,80,82,78,73,58,54,53
2016-02-26 15:00:00.532438,2,26,15,100,100,100,100,100,100,100,98,97,100,97,98,98,76,74,79,84,81,75,61,55,55,67
2016-02-26 16:00:00.359058,2,26,16,100,100,100,100,100,100,98,96,93,95,97,98,76,72,80,82,78,73,58,54,53,65,75
2016-02-26 17:00:00.282415,2,26,17,100,100,100,100,100,100,97,100,97,98,98,76,75,80,85,82,76,61,54,55,67,75,82
2016-02-26 18:00:00.411639,2,26,18,100,100,100,100,100,100,100,97,98,98,77,74,80,83,81,76,64,54,52,66,76,82,82
2016-02-26 19:00:00.355641,2,26,19,100,100,100,100,100,100,96,96,96,77,72,79,84,82,76,67,49,53,60,75,83,82,84
2016-02-26 20:00:00.307069,2,26,20,100,100,100,100,100,97,96,97,75,73,86,86,83,74,72,62,63,61,75,83,84,85,85
2016-02-26 21:00:00.935997,2,26,21,100,100,100,100,97,96,97,74,74,86,86,84,75,73,63,64,61,75,83,84,85,85,90
2016-02-26 22:00:00.254464,2,26,22,99,100,100,100,96,97,75,73,85,86,84,76,76,67,68,64,78,84,82,79,78,83,87
2016-02-26 23:00:00.310179,2,26,23,100,100,100,96,96,75,73,86,87,85,81,78,65,70,73,76,85,82,79,80,83,87,92
2016-02-27 00:00:00.315266,2,27,0,96,100,100,96,75,73,86,87,85,81,78,65,70,74,76,85,82,79,79,82,87,91,94
2016-02-27 01:00:00.263817,2,27,1,100,100,100,95,95,96,96,95,93,88,77,73,71,66,72,74,76,79,81,87,93,94,92
2016-02-27 02:00:00.331985,2,27,2,100,100,96,95,95,96,95,94,87,81,78,68,70,67,69,74,76,82,86,90,94,96,88
2016-02-27 03:00:00.364946,2,27,3,100,96,95,95,96,95,94,87,81,78,68,70,67,69,74,76,82,86,90,94,96,88,94
2016-02-27 04:00:00.725837,2,27,4,96,96,95,96,95,94,87,82,79,69,71,70,70,74,76,82,85,89,93,95,93,94,93
2016-02-27 05:00:00.397445,2,27,5,85,89,95,95,95,93,90,80,80,77,74,81,78,79,80,87,88,90,95,89,95,97,94
2016-02-27 06:00:00.301981,2,27,6,89,88,95,95,93,90,81,81,77,76,81,78,80,81,87,87,90,95,92,95,97,95,100
2016-02-27 07:00:00.412134,2,27,7,98,96,95,92,91,85,84,80,78,79,78,78,79,86,86,91,96,90,95,96,94,100,100
2016-02-27 08:00:00.360530,2,27,8,97,96,92,92,90,76,80,77,79,78,78,79,86,86,91,96,90,95,96,94,100,100,98
2016-02-27 09:00:00.548817,2,27,9,97,94,92,90,76,78,77,63,76,78,76,83,87,88,95,97,98,97,94,97,100,100,94
2016-02-27 10:00:00.257562,2,27,10,96,95,91,77,80,79,64,78,77,74,75,82,85,92,96,97,96,93,96,100,100,100,100
2016-02-27 11:00:00.727265,2,27,11,96,94,80,82,76,61,75,77,78,76,81,86,92,92,96,96,92,96,100,100,100,100,91
2016-02-27 12:00:00.399871,2,27,12,96,82,82,76,61,75,77,79,75,81,86,92,93,96,96,92,96,100,100,100,94,91,91
2016-02-27 13:00:00.280795,2,27,13,83,88,77,62,77,78,78,74,78,84,91,92,96,98,94,98,100,100,100,100,93,93,85
2016-02-27 14:00:00.262500,2,27,14,82,78,55,60,71,76,75,79,82,90,92,96,98,94,97,100,100,100,100,92,92,85,82
2016-02-27 15:00:00.350541,2,27,15,77,51,60,71,76,80,79,84,90,93,92,96,98,94,98,100,100,100,97,79,87,94,96
2016-02-27 16:00:00.347413,2,27,16,69,69,66,71,74,73,84,90,92,92,97,98,94,98,100,100,100,97,82,86,94,95,93
2016-02-27 17:00:01.136124,2,27,17,67,72,68,72,71,73,78,80,81,88,91,88,91,100,100,100,93,76,87,94,97,95,86
2016-02-27 18:00:00.748756,2,27,18,58,63,72,71,73,74,78,77,84,92,91,91,100,100,100,94,77,85,97,92,87,85,94
2016-02-27 19:00:00.242548,2,27,19,72,77,72,74,74,79,76,84,93,90,92,100,100,100,96,80,87,99,93,84,85,94,80
2016-02-27 20:00:00.279882,2,27,20,36,45,63,76,80,86,91,93,85,91,93,100,100,95,77,100,80,80,70,78,97,83,88
2016-02-27 21:00:00.695090,2,27,21,53,60,76,80,86,91,93,84,92,93,100,100,96,78,100,80,82,71,79,97,83,90,90
2016-02-27 22:00:00.612977,2,27,22,43,62,89,93,97,97,88,94,96,100,100,97,78,100,80,80,69,78,97,84,90,91,89
2016-02-27 23:00:00.321884,2,27,23,54,65,93,97,96,94,95,96,100,100,97,78,73,80,81,75,83,97,87,92,90,90,92
2016-02-28 00:00:00.275024,2,28,0,49,60,97,96,94,95,96,100,100,97,78,73,80,81,75,83,97,87,92,90,90,92,79
2016-02-28 01:00:00.368027,2,28,1,80,82,89,90,93,100,100,100,96,77,74,78,81,74,83,99,91,94,94,90,94,80,74
2016-02-28 02:00:05.271527,2,28,2,71,80,91,87,96,100,100,96,73,73,76,80,77,85,99,93,94,94,95,94,80,82,77
2016-02-28 03:00:00.385502,2,28,3,97,97,87,100,100,100,97,88,88,82,96,94,97,97,83,91,94,92,96,92,83,76,64
2016-02-28 04:00:00.830663,2,28,4,93,88,100,100,96,95,90,82,79,94,92,96,94,89,88,92,92,94,92,83,76,65,75
2016-02-28 05:00:00.293640,2,28,5,98,100,95,96,95,85,84,80,91,91,96,91,90,83,97,92,91,90,83,74,76,75,52
2016-02-28 06:00:00.318855,2,28,6,100,100,96,95,85,87,81,94,89,96,93,86,86,96,90,92,90,84,79,76,80,52,47
2016-02-28 08:00:00.414542,2,28,8,94,94,89,72,64,91,93,93,96,92,93,93,94,94,90,80,69,67,73,52,45,37,37
2016-02-28 09:00:00.278385,2,28,9,100,100,100,64,91,93,93,96,92,93,92,94,95,90,80,66,67,73,52,45,37,36,45
2016-02-28 10:00:00.327245,2,28,10,95,79,66,93,95,94,97,91,92,92,91,94,89,78,66,63,69,51,48,43,47,53,56
2016-02-28 11:00:00.324514,2,28,11,77,85,82,83,98,97,91,92,92,91,94,89,78,66,63,69,51,48,43,47,53,56,70
2016-02-28 12:00:00.227281,2,28,12,79,81,82,97,95,91,90,92,86,83,79,75,65,58,69,50,43,37,39,57,59,68,73
2016-02-28 13:00:00.280035,2,28,13,87,87,97,95,91,90,92,87,83,78,75,66,58,70,49,43,37,39,57,61,68,74,72
2016-02-28 14:00:00.318615,2,28,14,98,89,91,80,83,76,83,73,80,75,84,61,71,55,53,56,47,55,64,73,76,75,83
2016-02-28 15:00:00.329716,2,28,15,84,93,77,75,66,83,73,83,75,85,63,72,56,57,56,49,58,63,73,75,75,83,81
2016-02-28 16:00:00.299828,2,28,16,98,83,76,67,84,73,80,73,80,58,71,57,57,63,54,63,69,77,80,79,86,83,85
2016-02-28 17:00:00.194929,2,28,17,91,80,73,100,62,78,71,75,56,64,52,58,63,61,67,76,84,76,75,85,87,86,88
2016-02-28 18:00:00.258494,2,28,18,65,100,82,73,79,71,76,60,64,59,68,62,68,73,77,83,75,69,83,85,84,86,87
2016-02-28 19:00:00.273447,2,28,19,100,100,62,78,71,72,58,64,56,66,66,70,75,81,86,73,73,83,86,85,86,87,85
2016-02-28 20:00:00.269747,2,28,20,91,84,77,81,64,72,67,69,74,70,73,76,84,86,73,74,83,86,85,86,87,89,93
2016-02-28 21:00:00.893325,2,28,21,95,81,87,65,79,78,81,78,78,72,73,83,85,81,78,84,89,83,87,88,94,95,97
2016-02-28 22:00:00.293628,2,28,22,82,84,65,81,81,86,85,86,84,84,94,93,87,82,85,89,83,87,87,85,96,97,100
2016-02-28 23:00:00.276170,2,28,23,90,83,68,80,86,87,87,84,86,94,90,91,90,92,91,80,87,87,91,97,98,100,100
2016-02-29 00:00:00.294736,2,29,0,84,80,80,91,93,95,100,87,88,84,87,89,93,91,78,82,82,93,97,98,99,99,99
2016-02-29 01:00:00.346315,2,29,1,87,100,92,94,96,95,89,84,83,88,92,93,91,77,83,82,92,95,98,99,99,99,100
2016-02-29 02:00:00.836767,2,29,2,100,100,90,95,96,89,84,82,87,91,92,92,76,83,82,93,95,98,99,99,99,100,100
2016-02-29 03:00:00.294104,2,29,3,100,100,95,96,89,85,86,87,90,92,88,80,85,85,92,97,97,99,99,99,100,100,100
2016-02-29 04:00:01.886169,2,29,4,98,100,100,100,87,88,87,90,92,88,80,85,85,92,96,96,99,99,99,100,100,100,100
2016-02-29 05:00:00.610418,2,29,5,100,100,98,86,88,89,92,92,87,76,83,84,93,97,96,97,99,99,100,100,100,100,100
2016-02-29 06:00:00.350096,2,29,6,91,88,86,88,89,92,92,87,76,83,84,92,97,96,97,99,99,100,100,100,100,100,100
2016-02-29 07:00:00.358896,2,29,7,98,100,93,89,90,91,84,76,83,85,91,97,96,97,99,99,100,100,100,100,100,100,100
2016-02-29 08:00:00.344382,2,29,8,100,93,79,91,89,86,82,85,86,93,97,98,98,99,99,100,100,100,100,100,100,100,100
2016-02-29 09:00:00.472926,2,29,9,98,85,96,84,86,81,85,86,92,96,98,98,99,99,100,100,100,100,100,100,100,100,100
2016-02-29 10:00:00.307263,2,29,10,80,86,89,86,81,85,86,93,97,98,98,99,99,100,100,100,100,100,100,100,100,100,100
2016-02-29 11:00:00.367787,2,29,11,93,89,83,78,80,81,91,97,98,98,99,99,100,100,100,100,100,100,100,100,100,100,100
2016-02-29 12:00:00.300861,2,29,12,97,91,80,83,85,93,97,90,98,99,99,100,100,100,100,100,100,100,100,100,100,100,100
2016-02-29 13:00:00.367889,2,29,13,90,87,83,85,93,97,98,98,98,99,99,100,100,100,100,100,100,100,100,100,100,100,100
2016-02-29 14:00:00.343932,2,29,14,97,88,80,94,98,98,98,99,99,99,100,100,100,100,100,100,100,100,100,100,100,100,100
2016-02-29 15:00:00.349977,2,29,15,90,94,94,98,98,98,99,99,99,100,100,100,100,100,100,100,100,100,100,100,100,100,100
2016-02-29 16:00:00.318145,2,29,16,93,100,98,98,98,98,99,99,100,100,100,100,100,100,100,100,100,100,100,100,100,100,100
2016-02-29 17:00:00.285555,2,29,17,98,100,100,99,99,99,99,100,100,100,100,100,100,100,100,100,100,100,100,100,100,100,90
2016-02-29 18:00:00.978909,2,29,18,100,100,99,99,100,100,100,100,100,100,100,100,100,100,100,98,100,100,100,100,100,89,74
2016-02-29 19:00:01.749106,2,29,19,100,99,99,100,100,100,100,100,100,100,100,100,100,100,95,100,100,100,100,100,87,74,80
2016-02-29 20:00:01.255178,2,29,20,98,99,99,100,100,100,100,100,100,100,100,100,100,100,100,100,100,100,100,98,74,83,79
2016-02-29 21:00:00.414924,2,29,21,96,96,100,100,100,100,100,100,100,100,100,100,100,100,100,100,100,100,98,73,83,81,72
2016-02-29 22:00:00.398925,2,29,22,100,100,100,100,100,100,100,100,100,100,100,100,100,100,100,100,100,98,74,81,74,70,71
2016-02-29 23:00:00.364580,2,29,23,100,100,100,100,100,100,100,100,100,100,100,100,100,100,100,100,98,70,83,73,74,76,80
